File Type,Element Type,Element Name,Is Default,Suggested Name
.js,variable,jS,False,
.js,function,ug,False,
.js,function,isRegexOrFunction,False,
.js,variable,st,False,
.js,function,Core,False,
.js,function,reject,False,
.js,function,autolink,False,
.js,function,onwriteDrain,False,
.js,function,hashSet,False,
.js,function,Th,False,
.js,variable,Hd,False,
.js,variable,dy,False,
.js,function,has,False,
.js,function,updateResolvedSubtree,False,
.js,variable,Dp,False,
.js,function,startsWith,False,
.js,function,hashGet,False,
.js,variable,tp,False,
.js,function,trySubscribeSelf,False,
.js,function,Sha224,False,
.js,function,SHA,False,
.js,variable,cC,False,
.js,function,setToArray,False,
.js,function,computeEdges,False,
.js,function,mergeIntoListWith,False,
.js,function,Traverse,False,
.js,function,hd,False,
.js,variable,Ep,False,
.js,function,emptyFunctionWithReset,False,
.js,function,t,False,
.js,function,writeDoubleBE,False,
.js,variable,xn,False,
.js,variable,Yl,False,
.js,function,_nth,False,
.js,function,stateCommentEndDash,False,
.js,function,isRequest,False,
.js,function,_createSuperInternal,False,
.js,function,qa,False,
.js,function,encodeHex,False,
.js,function,emptyFunction,False,
.js,function,reify,False,
.js,function,q,False,
.js,function,indexedSeqFromValue,False,
.js,function,normalize,False,
.js,variable,_w,False,
.js,variable,cm,False,
.js,function,contentTypeValues,False,
.js,function,readBlockMapping,False,
.js,variable,sd,False,
.js,variable,content_type_noop,False,
.js,function,ai,False,
.js,variable,Hc,False,
.js,function,getLines,False,
.js,function,XO,False,
.js,variable,OE,False,
.js,function,Zc,False,
.js,variable,_h,False,
.js,function,afterWrite,False,
.js,function,fromArrayBuffer,False,
.js,function,isStack,False,
.js,function,remove,False,
.js,function,endReadableNT,False,
.js,function,iterateeAry,False,
.js,variable,Lb,False,
.js,variable,Gn,False,
.js,variable,md,False,
.js,function,constructYamlInteger,False,
.js,function,Sha256,False,
.js,function,isArrayLikeObject,False,
.js,function,TextArea,False,
.js,function,response_extension,False,
.js,function,stateEndTagOpen,False,
.js,variable,cssEscape,False,
.js,function,getDependsOnOwnProps,False,
.js,function,Di,False,
.js,function,hasIterator,False,
.js,variable,e_,False,
.js,function,getEnumerableOwnPropertySymbols,False,
.js,variable,qb,False,
.js,function,getDependencies,False,
.js,variable,ht,False,
.js,function,stateLocalPart,False,
.js,function,TypeError,False,
.js,function,toggle,False,
.js,function,Ra,False,
.js,variable,prerender,False,
.js,function,readUInt8,False,
.js,function,base64Slice,False,
.js,function,test,False,
.js,function,Ig,False,
.js,function,RangeError,False,
.js,function,iteratee,False,
.js,function,trimmedEndIndex,False,
.js,function,createBaseEach,False,
.js,variable,Tu,False,
.js,function,isClosingTag,False,
.js,function,productionTypeChecker,False,
.js,function,ck,False,
.js,function,mapCacheGet,False,
.js,function,Ch,False,
.js,variable,EI,False,
.js,function,expandNodes,False,
.js,function,index_browser_assign,False,
.js,function,writeFoldedLines,False,
.js,function,replaceHolders,False,
.js,function,doResolve,False,
.js,variable,Gh,False,
.js,variable,updateResolvedSubtree,False,
.js,function,yi,False,
.js,function,transform,False,
.js,function,stubArray,False,
.js,variable,computeEdges,False,
.js,function,fromString,False,
.js,function,mergePropsProxy,False,
.js,variable,u_,False,
.js,function,Pd,False,
.js,function,enum_model,False,
.js,function,resolveGenericStrategy,False,
.js,function,applySecurities,False,
.js,function,lift,False,
.js,function,iteratorDone,False,
.js,function,SwaggerUI,False,
.js,function,_cloneRegExp,False,
.js,variable,Jy,False,
.js,function,buildModeRegex,False,
.js,function,resolveYamlSet,False,
.js,function,FormattedError,False,
.js,function,defaults,False,
.js,function,ParserBlock,False,
.js,function,numberToString,False,
.js,function,stackDelete,False,
.js,function,replaceEntities,False,
.js,variable,XO,False,
.js,function,normalizeEncoding,False,
.js,variable,C_,False,
.js,function,Ua,False,
.js,function,fromJSDefault,False,
.js,variable,jx,False,
.js,function,Kf,False,
.js,function,createRecurry,False,
.js,function,getLine,False,
.js,function,emitTagAndPreviousTextNode,False,
.js,function,wrtBigUInt64LE,False,
.js,function,vb,False,
.js,function,trimLeft,False,
.js,function,compare,False,
.js,function,wj,False,
.js,variable,kS,False,
.js,variable,fh,False,
.js,variable,httpProxy,False,
.js,function,getInByJsonPath,False,
.js,function,checkValue,False,
.js,function,nf,False,
.js,function,type,False,
.js,function,createImmutableTypeChecker,False,
.js,function,pathSatisfies,False,
.js,variable,TextArea,False,
.js,variable,enum_model,False,
.js,function,base64url,False,
.js,function,stateDomainChar,False,
.js,variable,Gl,False,
.js,function,flatMapFactory,False,
.js,function,wholeSlice,False,
.js,variable,ys,False,
.js,function,getAllLineNumbers,False,
.js,function,writeIntLE,False,
.js,function,equalByTag,False,
.js,function,patchErrorMessageFormatter,False,
.js,variable,stripNonAlpha,False,
.js,function,swagger2BaseUrl,False,
.js,function,l,False,
.js,function,makeMap,False,
.js,function,observeState,False,
.js,variable,Wrapper,False,
.js,variable,Jd,False,
.js,variable,Gu,False,
.js,function,mergeIntoCollectionWith,False,
.js,function,blockquote,False,
.js,function,skipBulletListMarker,False,
.js,function,chooseScalarStyle,False,
.js,variable,os,False,
.js,function,Collection,False,
.js,class,RandExp,False,
.js,function,inherits,False,
.js,variable,fw,False,
.js,class,ReferenceSet,False,
.js,function,countHolders,False,
.js,function,getValueByPointer,False,
.js,variable,fe,False,
.js,function,isOrderedMap,False,
.js,function,map,False,
.js,function,flatDeep,False,
.js,variable,mr,False,
.js,function,utf8FillLast,False,
.js,function,toNumber,False,
.js,variable,td,False,
.js,function,setActiveExamplesMember,False,
.js,function,take,False,
.js,function,changeParam,False,
.js,class,Visitor_Visitor,False,
.js,function,AllLineNumbers,False,
.js,function,arrayMap,False,
.js,function,maybeIndexedSeqFromValue,False,
.js,function,nReadingNextTick,False,
.js,function,handleNewPropsAndNewState,False,
.js,function,Za,False,
.js,function,webpackUniversalModuleDefinition,False,
.js,function,Uj,False,
.js,function,Ck,False,
.js,variable,km,False,
.js,function,StateBlock,False,
.js,function,isSelfClosingTag,False,
.js,function,hashHas,False,
.js,variable,cloneShallowKeyValuePair,False,
.js,variable,pe,False,
.js,variable,Wp,False,
.js,function,footnote_inline,False,
.js,function,composeArgsRight,False,
.js,function,baseIsMap,False,
.js,function,listNodeFor,False,
.js,function,he,False,
.js,function,o,False,
.js,function,makeSequence,False,
.js,variable,lg,False,
.js,function,xc,False,
.js,function,writeInt16LE,False,
.js,function,writeUInt16BE,False,
.js,function,takeWhileFactory,False,
.js,function,YC,False,
.js,function,clearBy,False,
.js,function,callFinal,False,
.js,variable,extendStatics,False,
.js,function,decode,False,
.js,function,M,False,
.js,variable,Qw,False,
.js,variable,wrapConstructor,False,
.js,function,utf8End,False,
.js,function,Mf,False,
.js,variable,_x,False,
.js,function,getObserverFromMirror,False,
.js,function,observable,False,
.js,function,value,False,
.js,function,systemData,False,
.js,function,copyPyodide,False,
.js,variable,vm,False,
.js,function,indentString,False,
.js,function,xb,False,
.js,function,EElistenerCount,False,
.js,function,entries,False,
.js,function,isIterateeCall,False,
.js,function,processLexeme,False,
.js,variable,Ul,False,
.js,function,ArraySeq,False,
.js,function,Lk,False,
.js,function,baseIsSet,False,
.js,variable,n_,False,
.js,function,unaryIdentical,False,
.js,function,isNonNullObject,False,
.js,variable,o,False,
.js,function,Jb,False,
.js,variable,xp,False,
.js,function,_class_call_check,False,
.js,variable,Go,False,
.js,variable,Nw,False,
.js,function,attributeString,False,
.js,variable,Jt,False,
.js,function,stateCommentEndBang,False,
.js,function,blockHeader,False,
.js,function,SetCache,False,
.js,function,dk,False,
.js,function,Gamma0,False,
.js,function,d,False,
.js,function,parameter_builders_path,False,
.js,function,interrupt,False,
.js,function,forceIterator,False,
.js,function,downloadPackages,False,
.js,variable,Em,False,
.js,function,writeInt8,False,
.js,function,stateTagOpen,False,
.js,function,m,False,
.js,variable,Jw,False,
.js,variable,LC,False,
.js,function,doesEmailHaveValidTld,False,
.js,variable,mI,False,
.js,function,utils_remove,False,
.js,variable,eb,False,
.js,function,ReflectApply,False,
.js,function,Repeat,False,
.js,variable,Il,False,
.js,function,emitErrorNT,False,
.js,function,updatePatches,False,
.js,function,e,False,
.js,function,be,False,
.js,function,createStore,False,
.js,variable,iE,False,
.js,variable,L,False,
.js,function,simpleWrite,False,
.js,variable,oas3_selectors_onlyOAS3,False,
.js,function,isList,False,
.js,function,changeProducesValue,False,
.js,function,writeDouble,False,
.js,function,newline,False,
.js,function,_i,False,
.js,function,arrow_up,False,
.js,function,Xi,False,
.js,variable,Fo,False,
.js,function,T,False,
.js,function,kh,False,
.js,function,isSpecificValue,False,
.js,function,toByteArray,False,
.js,function,Qk,False,
.js,function,updateWrapDetails,False,
.js,variable,makeScroller,False,
.js,variable,Wx,False,
.js,function,htmltag,False,
.js,function,Oa,False,
.js,function,Ze,False,
.js,function,getGlobal,False,
.js,function,configsPlugin,False,
.js,function,toPlainObject,False,
.js,function,systemThunkMiddleware,False,
.js,function,isNonEmptyServerList,False,
.js,function,_checkValidNamespace,False,
.js,function,stateComment,False,
.js,function,setHash,False,
.js,function,qh,False,
.js,function,normalizeJSONPath,False,
.js,function,formatKeyValueBySerializationOption,False,
.js,function,_defineProperties,False,
.js,function,wrapper,False,
.js,function,isPrototype,False,
.js,variable,qw,False,
.js,function,ObjectSeq,False,
.js,variable,df,False,
.js,function,fixMarkup,False,
.js,function,Sha512,False,
.js,function,hashString,False,
.js,variable,tt,False,
.js,function,Q,False,
.js,variable,oS,False,
.js,variable,_d,False,
.js,function,baseSlice,False,
.js,function,ub,False,
.js,function,listCacheDelete,False,
.js,function,isOfTypeObject_typeof,False,
.js,function,Record,False,
.js,function,Fk,False,
.js,variable,dw,False,
.js,function,Pa,False,
.js,function,listCacheSet,False,
.js,variable,vv,False,
.js,function,ownKeys,False,
.js,function,stateTagName,False,
.js,function,escapeHtml,False,
.js,function,ReadableState,False,
.js,function,_objectSpread2,False,
.js,function,pipeline,False,
.js,function,commonKeyword,False,
.js,variable,stringifyUnlessList,False,
.js,variable,pv,False,
.js,variable,Ev,False,
.js,function,Me,False,
.js,function,isFile,False,
.js,function,castFixed,False,
.js,function,buildOas3UrlWithContext,False,
.js,function,fromHexCode,False,
.js,function,compileMode,False,
.js,function,showDefinitions,False,
.js,function,resolveYamlOmap,False,
.js,function,Gb,False,
.js,function,createLineElement,False,
.js,function,_xdropWhile,False,
.js,variable,loading,False,
.js,function,spliceIn,False,
.js,function,slice,False,
.js,variable,Nr,False,
.js,variable,va,False,
.js,function,gh,False,
.js,function,gb,False,
.js,function,negate,False,
.js,function,copyProps,False,
.js,function,index_browser_replace,False,
.js,function,Tb,False,
.js,variable,Cw,False,
.js,function,Yj,False,
.js,function,walk,False,
.js,function,CorkedRequest,False,
.js,variable,useTabs,False,
.js,variable,Tl,False,
.js,variable,arrow_up,False,
.js,function,isEncoding,False,
.js,variable,El,False,
.js,function,readAndResolve,False,
.js,function,stringifyObjectErrors,False,
.js,function,spliceOut,False,
.js,function,createDOMPurify,False,
.js,function,getParameter,False,
.js,function,logs,False,
.js,function,newThrownErr,False,
.js,variable,xs,False,
.js,variable,pm,False,
.js,function,allPass,False,
.js,function,arrayLikeKeys,False,
.js,function,debounce,False,
.js,function,isObject,False,
.js,function,invoker,False,
.js,function,updateFilter,False,
.js,function,helpers_isInteger,False,
.js,variable,Hy,False,
.js,variable,ia,False,
.js,function,isPlainSafeFirst,False,
.js,variable,pC,False,
.js,variable,SC,False,
.js,variable,Am,False,
.js,function,schemaHasAny,False,
.js,class,HTMLRenderer,False,
.js,function,lib_getIn,False,
.js,variable,setHash,False,
.js,function,jl,False,
.js,variable,isNonEmptyServerList,False,
.js,function,isFunction,False,
.js,function,overArg,False,
.js,variable,Rb,False,
.js,function,maybeReadMore_,False,
.js,variable,Ug,False,
.js,function,fnast,False,
.js,function,range,False,
.js,function,_xIterableReduce,False,
.js,variable,Zt,False,
.js,variable,gp,False,
.js,function,skipEmptyLines,False,
.js,function,gamma0,False,
.js,function,classNames,False,
.js,function,createStyleObject,False,
.js,variable,Hh,False,
.js,variable,Gp,False,
.js,function,Jg,False,
.js,variable,FS,False,
.js,function,startIndex,False,
.js,function,tag,False,
.js,variable,hE,False,
.js,function,stateAttributeValueUnquoted,False,
.js,function,captureMatchIfValid,False,
.js,variable,Fh,False,
.js,function,iterableClass,False,
.js,variable,po,False,
.js,variable,Jv,False,
.js,function,_ifElse,False,
.js,function,check,False,
.js,function,zipObject,False,
.js,variable,callbacks_slash,False,
.js,function,ik,False,
.js,variable,Lw,False,
.js,function,nextToken,False,
.js,function,wrapMapToPropsFunc,False,
.js,function,readInt16BE,False,
.js,function,getHighWaterMark,False,
.js,function,processSubLanguage,False,
.js,function,escapeJsonPointerToken,False,
.js,function,index_browser_text,False,
.js,function,downloadUrlPlugin,False,
.js,variable,mn,False,
.js,variable,ie,False,
.js,variable,Xp,False,
.js,variable,visit,False,
.js,function,err,False,
.js,variable,_S,False,
.js,function,getStatics,False,
.js,variable,tb,False,
.js,function,deeplyStripKey,False,
.js,function,vf,False,
.js,function,ch,False,
.js,function,ki,False,
.js,function,bi,False,
.js,function,_xuniqWith,False,
.js,variable,stringifyObjectErrors,False,
.js,variable,ka,False,
.js,variable,pyodidePackageVersion,False,
.js,variable,Kg,False,
.js,function,resolveYamlBoolean,False,
.js,variable,Ky,False,
.js,variable,Np,False,
.js,function,constantSelector,False,
.js,function,cloneBuffer,False,
.js,function,registerAlias,False,
.js,function,resolveEnd,False,
.js,function,deepmerge,False,
.js,function,s,False,
.js,variable,Pv,False,
.js,variable,gr,False,
.js,variable,uk,False,
.js,variable,Yw,False,
.js,function,baseZipObject,False,
.js,function,createSubscription,False,
.js,function,makeOrderedSet,False,
.js,variable,schemaHasAny,False,
.js,function,dependenciesChecker,False,
.js,variable,Mr,False,
.js,function,_non_iterable_rest,False,
.js,variable,vw,False,
.js,function,writeUIntLE,False,
.js,function,_functionName,False,
.js,function,readIntLE,False,
.js,class,SubRange,False,
.js,variable,tw,False,
.js,variable,cf,False,
.js,variable,Or,False,
.js,function,tslib_es6_extends,False,
.js,variable,rp,False,
.js,function,ff,False,
.js,function,pureFinalPropsSelector,False,
.js,function,cl,False,
.js,variable,Ab,False,
.js,function,Ruler,False,
.js,variable,fr,False,
.js,function,stackSet,False,
.js,function,Remarkable,False,
.js,variable,yg,False,
.js,variable,Xx,False,
.js,function,defaultRenderer,False,
.js,function,arrayOrEmpty,False,
.js,function,memoized,False,
.js,variable,He,False,
.js,function,safeMax,False,
.js,function,fromCodePoint,False,
.js,function,pi,False,
.js,variable,Mo,False,
.js,function,newAuthErr,False,
.js,function,highlightAll,False,
.js,variable,ee,False,
.js,function,stateDoctype,False,
.js,function,vj,False,
.js,variable,check,False,
.js,function,packNodes,False,
.js,function,config,False,
.js,function,fire,False,
.js,function,defaultNoopBatch,False,
.js,function,hashMerge,False,
.js,function,isArray,False,
.js,function,readableAddChunk,False,
.js,function,swap64,False,
.js,function,getType,False,
.js,function,Xh,False,
.js,function,captureMatchIfValidAndReset,False,
.js,function,Kk,False,
.js,variable,Cv,False,
.js,function,mixin,False,
.js,function,replaceReducer,False,
.js,function,copySymbols,False,
.js,function,writableStateBufferGetter,False,
.js,function,cg,False,
.js,variable,Yx,False,
.js,variable,dd,False,
.js,function,boundsError,False,
.js,function,flush,False,
.js,function,latin1Slice,False,
.js,function,maj,False,
.js,function,applyMiddleware,False,
.js,function,remainingWait,False,
.js,function,langRe,False,
.js,function,baseHasIn,False,
.js,function,makeWindow,False,
.js,function,unobserve,False,
.js,function,EvalError,False,
.js,function,paramToIdentifier,False,
.js,function,_isValidAttribute,False,
.js,function,updateSpec,False,
.js,function,mapFactory,False,
.js,variable,authorizeOauth2WithPersistOption,False,
.js,function,pipe,False,
.js,function,zh,False,
.js,function,eh,False,
.js,variable,Wy,False,
.js,function,patchValueAlreadyInPath,False,
.js,variable,zb,False,
.js,function,self,False,
.js,class,Element,False,
.js,function,hexSlice,False,
.js,variable,Zy,False,
.js,function,sigma1,False,
.js,function,utf16End,False,
.js,function,_reduced,False,
.js,function,paramToValue,False,
.js,variable,s,False,
.js,variable,Identity,False,
.js,function,writeBigUInt64LE,False,
.js,variable,Sm,False,
.js,function,getContext,False,
.js,variable,du,False,
.js,function,_xall,False,
.js,function,parseTokens,False,
.js,variable,Y,False,
.js,variable,Ey,False,
.js,variable,Zo,False,
.js,variable,Uy,False,
.js,function,_both,False,
.js,function,sanitize,False,
.js,variable,Oy,False,
.js,function,ensureSize,False,
.js,function,forEachNew,False,
.js,variable,lE,False,
.js,variable,arrayOrEmpty,False,
.js,variable,gm,False,
.js,function,when,False,
.js,variable,Cl,False,
.js,function,VNode,False,
.js,variable,ct,False,
.js,variable,Hv,False,
.js,variable,Ic,False,
.js,function,getAcceptControllingResponse,False,
.js,variable,xm,False,
.js,function,auth,False,
.js,function,utils_btoa,False,
.js,function,getIteratorFn,False,
.js,function,fullyNormalizeArray,False,
.js,function,getNestedErrorsWithPaths,False,
.js,variable,as,False,
.js,variable,Hf,False,
.js,function,_getPrototypeOf,False,
.js,variable,Md,False,
.js,function,Ti,False,
.js,function,subscribe,False,
.js,variable,am,False,
.js,function,curlify,False,
.js,variable,Ww,False,
.js,function,deflist,False,
.js,variable,ev,False,
.js,function,isPrintable,False,
.js,variable,Iv,False,
.js,function,isPlainObject,False,
.js,function,flow,False,
.js,function,initHighlightingOnLoad,False,
.js,function,baseIndexOf,False,
.js,variable,Id,False,
.js,variable,qS,False,
.js,function,serializers_value,False,
.js,function,isStrictComparable,False,
.js,function,forEachNewPrimitive,False,
.js,variable,ro,False,
.js,function,composeArgs,False,
.js,function,Iterator,False,
.js,function,iterateLeaf,False,
.js,function,resolveYamlTimestamp,False,
.js,function,smi,False,
.js,function,generateError,False,
.js,function,flattenFactory,False,
.js,function,emitReadable_,False,
.js,function,execute_execute,False,
.js,function,Item,False,
.js,function,foldLine,False,
.js,variable,Ia,False,
.js,function,write,False,
.js,function,lib_isObject,False,
.js,function,iterableToArray_iterableToArray,False,
.js,function,getMapData,False,
.js,function,mapCacheSet,False,
.js,function,HtmlTag,False,
.js,function,constructYamlFloat,False,
.js,function,checkInt,False,
.js,function,_nodeStream,False,
.js,function,Ji,False,
.js,function,example_Example,False,
.js,function,compileMatch,False,
.js,function,drainQueue,False,
.js,function,bd,False,
.js,function,OAS3ComponentWrapFactory,False,
.js,variable,curlify,False,
.js,variable,Wo,False,
.js,function,isNumber,False,
.js,function,is,False,
.js,variable,t_,False,
.js,function,isLaziable,False,
.js,variable,touchStartX,False,
.js,function,ji,False,
.js,function,ucs2Write,False,
.js,variable,traverse,False,
.js,function,visitor_visit,False,
.js,function,_xfilter,False,
.js,variable,Hw,False,
.js,function,powershell,False,
.js,function,isObjectLike,False,
.js,function,not,False,
.js,function,bl,False,
.js,variable,Eu,False,
.js,function,hashIterable,False,
.js,function,tj,False,
.js,variable,Kd,False,
.js,function,updateVNode,False,
.js,variable,Qt,False,
.js,function,asciiSlice,False,
.js,function,toHtmlNoop,False,
.js,function,Vj,False,
.js,function,_class,False,
.js,function,Provider,False,
.js,variable,eS,False,
.js,function,eachOperation,False,
.js,function,escapeRegExp,False,
.js,function,setRequestContentType,False,
.js,variable,hf,False,
.js,function,castCurry,False,
.js,function,mergeData,False,
.js,function,handleNewState,False,
.js,function,Pk,False,
.js,variable,wv,False,
.js,function,stateBeforeAttributeName,False,
.js,function,stateCommentStartDash,False,
.js,variable,Is,False,
.js,variable,Pl,False,
.js,function,listCacheGet,False,
.js,function,encodeFormOrQuery,False,
.js,variable,Kr,False,
.js,variable,py,False,
.js,variable,nk,False,
.js,function,wi,False,
.js,function,checkType,False,
.js,variable,jh,False,
.js,function,_isUint8Array,False,
.js,function,initCloneByTag,False,
.js,function,linkify,False,
.js,function,highlight_ownKeys,False,
.js,function,sort,False,
.js,function,beginKeywords,False,
.js,function,request_buildFormData,False,
.js,function,highlightAuto,False,
.js,class,Registry,False,
.js,function,lib_isFunction,False,
.js,function,X,False,
.js,function,checkSearchValue,False,
.js,function,createReadableStreamAsyncIterator,False,
.js,variable,Fd,False,
.js,function,ig,False,
.js,function,vi,False,
.js,function,getDuplicateReferences,False,
.js,function,isIterator,False,
.js,function,isReactElement,False,
.js,variable,Mn,False,
.js,function,typedArraySupport,False,
.js,variable,da,False,
.js,variable,utils_btoa,False,
.js,variable,lr,False,
.js,function,forEachPrimitive,False,
.js,function,decodeEntity,False,
.js,function,concatFactory,False,
.js,variable,Fw,False,
.js,variable,bw,False,
.js,function,arrayWithoutHoles_arrayWithoutHoles,False,
.js,variable,mg,False,
.js,function,emitText,False,
.js,function,writeIntBE,False,
.js,function,ih,False,
.js,function,assertIsFunction,False,
.js,function,onlegacyfinish,False,
.js,function,cloneDataView,False,
.js,function,wrapImmutable,False,
.js,variable,Da,False,
.js,function,sf,False,
.js,function,makeReducer,False,
.js,variable,serializers_value,False,
.js,variable,ns,False,
.js,function,Pg,False,
.js,function,UrlMatch,False,
.js,variable,cd,False,
.js,function,pf,False,
.js,variable,Op,False,
.js,variable,MI,False,
.js,function,reverseFactory,False,
.js,function,js_yaml_isObject,False,
.js,function,writeDoubleLE,False,
.js,variable,sC,False,
.js,function,el,False,
.js,function,isContextPatch,False,
.js,function,normalizeReference,False,
.js,function,element,False,
.js,function,curry,False,
.js,variable,ae,False,
.js,function,Buffer,False,
.js,function,XTake,False,
.js,function,dj,False,
.js,function,ListCache,False,
.js,variable,xw,False,
.js,function,refract,False,
.js,function,MapIterator,False,
.js,function,strictEqual,False,
.js,function,updateUrl,False,
.js,variable,base64,False,
.js,function,ArrayMapNode,False,
.js,function,_indexOf,False,
.js,variable,getNestedErrorsWithPaths,False,
.js,function,operation_extensions,False,
.js,variable,Hp,False,
.js,function,getIENodeHash,False,
.js,function,_arrayFromIterator,False,
.js,function,fromJSOrdered,False,
.js,function,noop,False,
.js,function,regEscape,False,
.js,function,lastIndexOf,False,
.js,function,bidirectionalIndexOf,False,
.js,variable,aE,False,
.js,function,bg,False,
.js,function,Qa,False,
.js,variable,Pu,False,
.js,variable,hp,False,
.js,variable,vC,False,
.js,function,anyPass,False,
.js,variable,Ut,False,
.js,function,detectType,False,
.js,function,URIError,False,
.js,variable,PE,False,
.js,class,ResumableMultiRegex,False,
.js,function,ni,False,
.js,function,mapper,False,
.js,function,k,False,
.js,function,validate,False,
.js,function,toJSON,False,
.js,function,symbol,False,
.js,function,ImmutablePureComponent,False,
.js,function,wrap_selectors_onlyOAS3,False,
.js,function,truncateMiddle,False,
.js,function,replaceAt,False,
.js,variable,Yp,False,
.js,function,rawListeners,False,
.js,function,hl,False,
.js,function,webhooks,False,
.js,function,clearResponse,False,
.js,variable,jp,False,
.js,variable,US,False,
.js,function,heading,False,
.js,variable,operation_extensions,False,
.js,function,assignValue,False,
.js,variable,zl,False,
.js,variable,Dv,False,
.js,class,NormalizeStorage,False,
.js,function,bt,False,
.js,function,XWrap,False,
.js,function,pathOr,False,
.js,function,LinkError,False,
.js,function,writeInt32LE,False,
.js,variable,CE,False,
.js,function,copy,False,
.js,function,makeSet,False,
.js,variable,Cf,False,
.js,function,_isFunction,False,
.js,function,BufferBigIntNotDefined,False,
.js,function,isFloat,False,
.js,function,addNumericalSeparator,False,
.js,function,escape,False,
.js,function,nativeKeysIn,False,
.js,function,_createSuper,False,
.js,function,_has,False,
.js,function,flip,False,
.js,variable,__typeError,False,
.js,variable,Pt,False,
.js,variable,BO,False,
.js,function,isLinkOpen,False,
.js,function,al,False,
.js,function,words,False,
.js,function,initMergePropsProxy,False,
.js,function,_uint8ArrayToBuffer,False,
.js,function,_map,False,
.js,function,oas3BaseUrl,False,
.js,function,resolveIndex,False,
.js,function,onfinish,False,
.js,function,shift,False,
.js,function,Ka,False,
.js,variable,setScrollTimeoutId,False,
.js,function,iteratorValue,False,
.js,function,resolveYamlNull,False,
.js,function,errorOrDestroy,False,
.js,function,setScheme,False,
.js,variable,nC,False,
.js,function,authorizeWithPersistOption,False,
.js,function,getList,False,
.js,function,findOperation,False,
.js,function,baseKeys,False,
.js,function,stateLocalPartDot,False,
.js,function,Gk,False,
.js,function,stylize,False,
.js,function,je,False,
.js,variable,refract,False,
.js,function,createClassNameString,False,
.js,function,Zn,False,
.js,function,memoizeCapped,False,
.js,variable,Bw,False,
.js,function,Bh,False,
.js,function,dropLastWhile,False,
.js,function,SetRef,False,
.js,function,bk,False,
.js,function,initProxySelector,False,
.js,function,oldBrowser,False,
.js,function,actions_show,False,
.js,function,jsonPointerToArray,False,
.js,function,_ObjectMap,False,
.js,variable,_v,False,
.js,function,truncateSmart,False,
.js,function,fromObject,False,
.js,function,_interopRequireDefault,False,
.js,function,Fg,False,
.js,function,footnote_block,False,
.js,function,source,False,
.js,function,copyArray,False,
.js,function,ib,False,
.js,function,writeScalar,False,
.js,function,visitor_getNodeType,False,
.js,function,readBlockSequence,False,
.js,function,readBigInt64BE,False,
.js,class,DRange,False,
.js,function,ol,False,
.js,function,initCloneObject,False,
.js,variable,jr,False,
.js,variable,Gd,False,
.js,variable,xS,False,
.js,function,endReadable,False,
.js,variable,rs,False,
.js,function,encodeObject,False,
.js,function,mapCacheHas,False,
.js,variable,kv,False,
.js,function,replaceUnsafeChar,False,
.js,function,Sc,False,
.js,function,version_stamp,False,
.js,variable,Ho,False,
.js,function,replaceAll,False,
.js,function,Ya,False,
.js,function,listLanguages,False,
.js,function,nh,False,
.js,function,Readable,False,
.js,function,EventEmitter,False,
.js,variable,Ir,False,
.js,function,flatSpread,False,
.js,variable,bt,False,
.js,variable,DI,False,
.js,function,initHighlighting,False,
.js,function,registerLanguage,False,
.js,function,repeat,False,
.js,function,_xmap,False,
.js,function,clear,False,
.js,function,readDoubleBE,False,
.js,function,once,False,
.js,variable,iv,False,
.js,function,stringToArray,False,
.js,variable,Iu,False,
.js,function,propOr,False,
.js,variable,Aa,False,
.js,variable,Ja,False,
.js,function,defaultArrayMerge,False,
.js,function,baseArity,False,
.js,variable,ga,False,
.js,function,destroy,False,
.js,function,_reduce,False,
.js,function,getNewLines,False,
.js,variable,es_F,False,
.js,function,needIndentIndicator,False,
.js,function,jg,False,
.js,function,groupByFactory,False,
.js,function,isSubPath,False,
.js,function,skipChars,False,
.js,variable,mapper,False,
.js,function,createBind,False,
.js,function,powerSetPermutations,False,
.js,function,wrtBigUInt64BE,False,
.js,function,processBuffer,False,
.js,variable,np,False,
.js,variable,YS,False,
.js,variable,Bx,False,
.js,function,fi,False,
.js,variable,createDeepLinkPath,False,
.js,function,Sha,False,
.js,function,LodashWrapper,False,
.js,function,validateNumber,False,
.js,class,Resolver,False,
.js,variable,Zn,False,
.js,variable,debounceTimer,False,
.js,function,ve,False,
.js,variable,Cm,False,
.js,variable,Dl,False,
.js,function,Range,False,
.js,function,Dj,False,
.js,function,Mk,False,
.js,function,generateAbsoluteRefPatches,False,
.js,function,shallowArrayEquals,False,
.js,function,inspect,False,
.js,variable,RE,False,
.js,function,getCodeTree,False,
.js,variable,Ih,False,
.js,function,serializeRequest,False,
.js,variable,ze,False,
.js,function,emptySet,False,
.js,function,max,False,
.js,function,Ai,False,
.js,function,_generate,False,
.js,function,writeNode,False,
.js,function,mergeMappings,False,
.js,function,ek,False,
.js,variable,za,False,
.js,function,ta,False,
.js,variable,isSubPath,False,
.js,variable,Ow,False,
.js,function,neg,False,
.js,variable,Ux,False,
.js,variable,gS,False,
.js,function,readInt8,False,
.js,variable,wh,False,
.js,function,footnote_ref,False,
.js,function,processContinuations,False,
.js,function,Stack,False,
.js,function,NodeError,False,
.js,variable,cE,False,
.js,variable,httpsProxy,False,
.js,function,operationScheme,False,
.js,variable,authorizeWithPersistOption,False,
.js,function,isValidEntityCode,False,
.js,variable,Ct,False,
.js,variable,zk,False,
.js,function,baseAssignIn,False,
.js,variable,Lp,False,
.js,function,CopyToClipboard,False,
.js,function,isWhitespace,False,
.js,function,authorizeApplication,False,
.js,function,getStringBodyOfMap,False,
.js,variable,Sl,False,
.js,function,justTextHighlightResult,False,
.js,variable,version_stamp,False,
.js,function,emitsWrappingTags,False,
.js,function,parameter_oneof_transform,False,
.js,function,Ni,False,
.js,function,Set,False,
.js,variable,Vy,False,
.js,function,pointToAncestor,False,
.js,function,re,False,
.js,function,normalizeLink,False,
.js,function,getAllKeys,False,
.js,variable,_E,False,
.js,function,Yk,False,
.js,variable,aA,False,
.js,function,applyPatch,False,
.js,function,replaceEntityPattern,False,
.js,function,defaultClearTimeout,False,
.js,function,XFilter,False,
.js,function,skipMarker,False,
.js,function,Ah,False,
.js,function,_arrayWithoutHoles,False,
.js,function,a,False,
.js,function,authorizeOauth2,False,
.js,function,asciiWrite,False,
.js,function,convert,False,
.js,function,_byteLength,False,
.js,function,baseSome,False,
.js,variable,tl,False,
.js,variable,lf,False,
.js,variable,preferedProxy,False,
.js,function,highlightElement,False,
.js,function,x,False,
.js,function,Sj,False,
.js,function,deprecated,False,
.js,variable,touchStartY,False,
.js,function,stateAfterAttributeName,False,
.js,variable,jy,False,
.js,variable,Vd,False,
.js,variable,operationScheme,False,
.js,function,_sanitizeElements,False,
.js,function,j,False,
.js,function,paragraph,False,
.js,function,Zi,False,
.js,function,ne,False,
.js,variable,lt,False,
.js,function,findIndex,False,
.js,variable,kw,False,
.js,function,qo,False,
.js,function,Yc,False,
.js,function,arraySome,False,
.js,variable,hm,False,
.js,variable,hI,False,
.js,variable,initHighlighting,False,
.js,function,utf16leSlice,False,
.js,variable,xy,False,
.js,function,_identity,False,
.js,function,HashtagMatch,False,
.js,variable,Rw,False,
.js,variable,vp,False,
.js,function,parseAbbr,False,
.js,variable,er,False,
.js,variable,shallowArrayEquals,False,
.js,function,pluck,False,
.js,variable,sp,False,
.js,variable,wC,False,
.js,function,ThrownErrorItem,False,
.js,function,ii,False,
.js,function,executePlugin,False,
.js,class,RootVisitor,False,
.js,variable,sS,False,
.js,function,_inherits,False,
.js,function,getIn,False,
.js,variable,bu,False,
.js,function,lheading,False,
.js,function,Ae,False,
.js,function,checkDCE,False,
.js,class,ParameterMacroVisitor,False,
.js,function,isSymbol,False,
.js,function,Gamma0l,False,
.js,function,baseIsNaN,False,
.js,variable,identical,False,
.js,variable,sc,False,
.js,function,isOctCode,False,
.js,class,TokenTree,False,
.js,variable,authorizeApplication,False,
.js,function,json,False,
.js,function,randomBytes,False,
.js,variable,jf,False,
.js,function,baseIsMatch,False,
.js,variable,emitsWrappingTags,False,
.js,function,_listeners,False,
.js,function,escapePathComponent,False,
.js,function,Tg,False,
.js,function,propertyIsUnsafe,False,
.js,function,defaultZipper,False,
.js,function,cj,False,
.js,function,_filter,False,
.js,function,module_helpers_hasOwnProperty,False,
.js,variable,gv,False,
.js,variable,IS,False,
.js,class,es_Reference_Reference,False,
.js,function,canJsonParse,False,
.js,function,ti,False,
.js,function,createBaseFor,False,
.js,function,W,False,
.js,function,pick,False,
.js,function,onerror,False,
.js,function,isFn,False,
.js,function,addNestedSub,False,
.js,function,matchesStrictComparable,False,
.js,function,propertyIsEnumerable,False,
.js,function,numberIsNaN,False,
.js,function,toKey,False,
.js,function,qf,False,
.js,function,mergeWithKey,False,
.js,variable,tm,False,
.js,variable,isNativeSmoothScrollEnabledOn,False,
.js,function,baseProperty,False,
.js,variable,iS,False,
.js,function,isWeakMap,False,
.js,variable,x,False,
.js,function,hb,False,
.js,function,_isRegExp,False,
.js,function,makeResolveSubtree,False,
.js,variable,j,False,
.js,function,G,False,
.js,variable,rr,False,
.js,function,fallbackValue,False,
.js,function,build_request_buildRequest,False,
.js,function,LazyWrapper,False,
.js,function,propSatisfies,False,
.js,function,logoutWithPersistOption,False,
.js,function,setRetainRequestBodyValueFlag,False,
.js,function,createBuffer,False,
.js,function,fa,False,
.js,function,me,False,
.js,variable,Jx,False,
.js,variable,Px,False,
.js,function,readUInt16BE,False,
.js,function,checkForUpdates,False,
.js,function,createLine,False,
.js,function,Ne,False,
.js,function,getMaxListeners,False,
.js,function,json_schema_5,False,
.js,function,createClass,False,
.js,function,getFuncName,False,
.js,function,configureAuth,False,
.js,variable,zg,False,
.js,function,Dk,False,
.js,function,writeUIntBE,False,
.js,function,ToIndexedSequence,False,
.js,function,_executeHook,False,
.js,variable,uf,False,
.js,variable,dv,False,
.js,function,sortFactory,False,
.js,variable,ww,False,
.js,function,setResponse,False,
.js,function,Af,False,
.js,function,http,False,
.js,function,stateAfterAttributeValueQuoted,False,
.js,variable,Qv,False,
.js,variable,Kx,False,
.js,variable,ThrownErrorItem,False,
.js,function,own_enumerable_keys,False,
.js,function,readBigUInt64LE,False,
.js,function,createObjWithHashedKeys,False,
.js,variable,Qr,False,
.js,function,either,False,
.js,function,ke,False,
.js,variable,xE,False,
.js,variable,Au,False,
.js,variable,Cs,False,
.js,function,onend,False,
.js,function,handleAICompletion,False,
.js,function,decodeCodePointsArray,False,
.js,function,serialize,False,
.js,variable,OI,False,
.js,function,OwnerID,False,
.js,function,writeBlockMapping,False,
.js,function,Ci,False,
.js,variable,Vl,False,
.js,variable,Gw,False,
.js,function,parseHtml,False,
.js,function,emptyMap,False,
.js,function,Xe,False,
.js,variable,Ye,False,
.js,function,rj,False,
.js,function,List,False,
.js,function,ll,False,
.js,function,readUInt32BE,False,
.js,function,readTagProperty,False,
.js,function,nodeStream,False,
.js,function,updateList,False,
.js,function,formatProdErrorMessage,False,
.js,function,onEofChunk,False,
.js,function,spliceOne,False,
.js,function,isAbsoluteUrl,False,
.js,function,finalPropsSelectorFactory,False,
.js,variable,dr,False,
.js,function,headerBuilder,False,
.js,function,RuntimeError,False,
.js,function,hashJSObj,False,
.js,function,cachedHashString,False,
.js,function,stateAttributeValueDoubleQuoted,False,
.js,function,Bg,False,
.js,function,readAnchorProperty,False,
.js,variable,components_HighlightCode,False,
.js,variable,Wr,False,
.js,variable,gu,False,
.js,function,state,False,
.js,variable,Wi,False,
.js,variable,Qb,False,
.js,function,YO,False,
.js,function,ReflectOwnKeys,False,
.js,function,baseMatches,False,
.js,function,hasOwn,False,
.js,function,unsupportedIterableToArray_unsupportedIterableToArray,False,
.js,function,getIterator,False,
.js,function,inline,False,
.js,function,compileList,False,
.js,function,base64clean,False,
.js,function,ag,False,
.js,function,editableVNode,False,
.js,variable,logoutWithPersistOption,False,
.js,variable,checkForUpdates,False,
.js,function,removeAllListeners,False,
.js,function,refs_split,False,
.js,class,Transcluder_Transcluder,False,
.js,function,_isPlaceholder,False,
.js,function,composeNode,False,
.js,function,isOfTypeObject,False,
.js,variable,aa,False,
.js,function,stateCommentEnd,False,
.js,function,Mj,False,
.js,variable,json_schema_5,False,
.js,function,arrayClone,False,
.js,variable,lI,False,
.js,function,c,False,
.js,function,forEachNewPatch,False,
.js,function,prependOnceListener,False,
.js,variable,Ap,False,
.js,variable,wb,False,
.js,function,writeFloat,False,
.js,variable,YO,False,
.js,variable,ip,False,
.js,function,XReduceBy,False,
.js,function,trailingEdge,False,
.js,variable,nv,False,
.js,function,base16,False,
.js,function,isIndexed,False,
.js,function,constructYamlBinary,False,
.js,function,baseTrim,False,
.js,function,Gamma1l,False,
.js,variable,Of,False,
.js,function,defaultSetTimout,False,
.js,function,aj,False,
.js,variable,Vp,False,
.js,variable,Qd,False,
.js,function,sI,False,
.js,function,parseReference,False,
.js,variable,TC,False,
.js,function,readLineBreak,False,
.js,variable,makeResolveSubtree,False,
.js,function,Qi,False,
.js,variable,Kv,False,
.js,function,compileMap,False,
.js,variable,_I,False,
.js,variable,rn,False,
.js,variable,Xe,False,
.js,function,wrapWithTryCatch,False,
.js,function,xclass,False,
.js,function,resolveYamlPairs,False,
.js,variable,Z,False,
.js,variable,Rx,False,
.js,variable,bv,False,
.js,function,something,False,
.js,variable,up,False,
.js,function,writeBlockSequence,False,
.js,function,Cb,False,
.js,variable,xr,False,
.js,variable,aw,False,
.js,function,Oj,False,
.js,function,Ui,False,
.js,function,Bb,False,
.js,function,serializeHeaders,False,
.js,variable,l_,False,
.js,function,needFinish,False,
.js,function,encoders_binary,False,
.js,function,highlight_objectSpread,False,
.js,function,isEmpty,False,
.js,function,N,False,
.js,function,castSlice,False,
.js,function,constructYamlNull,False,
.js,function,Xa,False,
.js,variable,currentPos,False,
.js,variable,Jl,False,
.js,variable,yl,False,
.js,variable,ef,False,
.js,variable,state,False,
.js,variable,_m,False,
.js,function,fences,False,
.js,function,base32,False,
.js,variable,iu,False,
.js,function,oneOf,False,
.js,function,Ag,False,
.js,variable,th,False,
.js,variable,Ew,False,
.js,function,lib_applyPatch,False,
.js,function,proceed,False,
.js,function,mapCacheDelete,False,
.js,function,_xtake,False,
.js,function,resolver,False,
.js,class,EphemeralArray,False,
.js,variable,im,False,
.js,function,_sanitizeShadowDOM,False,
.js,variable,handleAICompletion,False,
.js,function,getMergeFunction,False,
.js,variable,aS,False,
.js,function,baseTimes,False,
.js,variable,sI,False,
.js,variable,Yo,False,
.js,variable,Pe,False,
.js,function,end,False,
.js,function,_deepClone,False,
.js,variable,Ob,False,
.js,variable,Rp,False,
.js,function,isMapLike,False,
.js,variable,Xf,False,
.js,function,countByFactory,False,
.js,function,utf16Text,False,
.js,variable,Vt,False,
.js,function,stateData,False,
.js,variable,Yv,False,
.js,variable,Ll,False,
.js,function,compileRelevance,False,
.js,variable,touchEndX,False,
.js,function,checkBounds,False,
.js,function,gd,False,
.js,variable,AIAutocompletion,False,
.js,function,loopScroll,False,
.js,function,isAdditiveMutation,False,
.js,function,copySymbolsIn,False,
.js,function,compose,False,
.js,function,currentProducesFor,False,
.js,function,deepFreeze,False,
.js,function,di,False,
.js,function,isArrayLike,False,
.js,function,stateMarkupDeclarationOpen,False,
.js,function,_addListener,False,
.js,variable,w_,False,
.js,function,_checkForMethod,False,
.js,function,swagger_client,False,
.js,function,oas3,False,
.js,variable,isOpenAPI30,False,
.js,function,ondata,False,
.js,variable,y_,False,
.js,variable,Bp,False,
.js,variable,av,False,
.js,function,call,False,
.js,variable,Xy,False,
.js,function,Ij,False,
.js,function,_nonIterableSpread,False,
.js,function,listCacheClear,False,
.js,function,addWords,False,
.js,function,oj,False,
.js,function,lodash,False,
.js,function,mergeDeepWithKey,False,
.js,variable,cy,False,
.js,function,clearCache,False,
.js,function,mergeObject,False,
.js,function,pre,False,
.js,function,swap16,False,
.js,function,notifyNestedSubs,False,
.js,function,abbr2,False,
.js,function,isMemo,False,
.js,function,_getMaxListeners,False,
.js,variable,Kh,False,
.js,function,isNegativeZero,False,
.js,function,isSpecial,False,
.js,function,lv,False,
.js,function,representYamlFloat,False,
.js,variable,hn,False,
.js,variable,gE,False,
.js,function,wrapListener,False,
.js,function,_isNode,False,
.js,function,getShim,False,
.js,function,getPropType,False,
.js,function,http_http,False,
.js,function,server_url_template,False,
.js,variable,VC,False,
.js,function,Wa,False,
.js,function,copyObject,False,
.js,function,dl,False,
.js,function,PresetApis,False,
.js,function,all,False,
.js,variable,encoders_binary,False,
.js,variable,qy,False,
.js,function,writeBigInt64LE,False,
.js,function,kb,False,
.js,function,pipeOnDrain,False,
.js,variable,wrappedSelector,False,
.js,variable,r_,False,
.js,function,skipSeparationSpace,False,
.js,function,decodeChunk,False,
.js,function,generateNextLine,False,
.js,function,escapeString,False,
.js,variable,lockFile,False,
.js,variable,Ud,False,
.js,function,Fb,False,
.js,variable,vu,False,
.js,variable,Ps,False,
.js,function,rd,False,
.js,function,seal,False,
.js,variable,hC,False,
.js,variable,Zr,False,
.js,function,changeMode,False,
.js,function,hg,False,
.js,function,If,False,
.js,function,ah,False,
.js,function,encodeCharacters,False,
.js,variable,my,False,
.js,function,dispatchImpl,False,
.js,variable,ra,False,
.js,variable,SS,False,
.js,function,writeFloatBE,False,
.js,function,stateNone,False,
.js,variable,Nv,False,
.js,function,murmurHashOfSize,False,
.js,variable,Ph,False,
.js,function,_includes,False,
.js,function,strictIndexOf,False,
.js,function,validateEntry,False,
.js,function,tc,False,
.js,variable,jC,False,
.js,variable,ym,False,
.js,function,Bi,False,
.js,function,g,False,
.js,variable,addWords,False,
.js,function,ReferenceError,False,
.js,function,ft,False,
.js,variable,We,False,
.js,variable,sg,False,
.js,function,Hk,False,
.js,variable,_xfBase_init,False,
.js,variable,Zl,False,
.js,variable,yt,False,
.js,function,emptyOrderedMap,False,
.js,variable,pr,False,
.js,function,deepmergeAll,False,
.js,function,stateDomainDot,False,
.js,function,castCap,False,
.js,variable,ok,False,
.js,function,setProp,False,
.js,function,_delete,False,
.js,variable,V,False,
.js,function,forwardConnectRef,False,
.js,function,logout,False,
.js,function,writeFlowSequence,False,
.js,function,equalObjects,False,
.js,variable,Aw,False,
.js,variable,pyodidePackageJson,False,
.js,variable,kl,False,
.js,variable,Sn,False,
.js,function,buildUrl,False,
.js,variable,z,False,
.js,function,r,False,
.js,function,fetchJSON,False,
.js,function,cacheResultThrough,False,
.js,variable,base32,False,
.js,function,applyReducer,False,
.js,function,values,False,
.js,function,filter,False,
.js,function,isTag,False,
.js,function,oauth2_authorize_authorize,False,
.js,variable,nodeTypeGetter,False,
.js,function,Lj,False,
.js,variable,by,False,
.js,function,_toString_toString,False,
.js,variable,Wt,False,
.js,function,baseIsEqualDeep,False,
.js,variable,_p,False,
.js,function,cancel,False,
.js,function,pipeOnDrainFunctionResult,False,
.js,variable,Xd,False,
.js,variable,dm,False,
.js,function,xi,False,
.js,variable,Ry,False,
.js,variable,LE,False,
.js,function,ci,False,
.js,variable,lv,False,
.js,variable,mb,False,
.js,class,visitors_Visitor_Visitor,False,
.js,function,_xArrayReduce,False,
.js,function,_typeof,False,
.js,function,_assoc,False,
.js,variable,Kn,False,
.js,variable,bp,False,
.js,variable,qn,False,
.js,variable,server_url_template,False,
.js,class,File_File,False,
.js,variable,zx,False,
.js,function,createCtor,False,
.js,function,utf8CheckExtraBytes,False,
.js,function,byteLength,False,
.js,function,si,False,
.js,function,trunc,False,
.js,function,deep_linking,False,
.js,function,isMutation,False,
.js,function,captureTagName,False,
.js,function,xj,False,
.js,function,createNodes,False,
.js,variable,rS,False,
.js,function,_toPropertyKey,False,
.js,function,_path,False,
.js,function,hasUnicode,False,
.js,function,_getBuffer,False,
.js,variable,af,False,
.js,function,ge,False,
.js,variable,Fy,False,
.js,variable,ZO,False,
.js,function,doIgnore,False,
.js,variable,qe,False,
.js,variable,Wd,False,
.js,function,Nk,False,
.js,function,D,False,
.js,variable,Qf,False,
.js,variable,mk,False,
.js,function,Yb,False,
.js,function,createWrap,False,
.js,variable,En,False,
.js,function,includes,False,
.js,function,popCount,False,
.js,function,B,False,
.js,function,_curry1,False,
.js,function,createSelectorCreator,False,
.js,function,extract,False,
.js,function,utf8Text,False,
.js,function,first,False,
.js,function,applyOperation,False,
.js,function,recomputationWrapper,False,
.js,function,isPlainObj,False,
.js,variable,Nx,False,
.js,variable,wy,False,
.js,variable,Cu,False,
.js,function,_isTypedArray,False,
.js,function,stop,False,
.js,function,v,False,
.js,function,il,False,
.js,function,db,False,
.js,function,legacy_copy,False,
.js,function,_methodReduce,False,
.js,function,isOAS30,False,
.js,function,isInstance,False,
.js,function,createErrorType,False,
.js,function,references,False,
.js,function,_normalizeEncoding,False,
.js,function,equals,False,
.js,variable,fE,False,
.js,function,mergeIntoNode,False,
.js,function,pointerIsAParent,False,
.js,variable,hS,False,
.js,function,OrderedSet,False,
.js,function,makeOrderedMap,False,
.js,function,createChecker,False,
.js,function,isKeyed,False,
.js,variable,Jn,False,
.js,variable,Jc,False,
.js,variable,ov,False,
.js,function,systemExtend,False,
.js,function,setRequestBodyValue,False,
.js,function,isHighlightJs,False,
.js,function,safeGetProperty,False,
.js,function,createCodeChallenge,False,
.js,function,Ok,False,
.js,function,getParameterSchema,False,
.js,function,bound,False,
.js,variable,response_extension,False,
.js,function,defaultNegComparator,False,
.js,class,all_of_AllOfVisitor,False,
.js,function,howMuchToRead,False,
.js,function,createCurry,False,
.js,function,stateMailTo,False,
.js,function,flattenCodeTree,False,
.js,variable,ts,False,
.js,variable,Ko,False,
.js,function,writeInt32BE,False,
.js,function,Ub,False,
.js,variable,bI,False,
.js,function,unpipe,False,
.js,function,foldString,False,
.js,function,from,False,
.js,function,isOrdered,False,
.js,function,_createClass,False,
.js,function,_initDocument,False,
.js,variable,vE,False,
.js,function,doBeginMatch,False,
.js,function,allReducers,False,
.js,variable,et,False,
.js,function,core_components,False,
.js,function,selectStream,False,
.js,variable,Tv,False,
.js,function,Url,False,
.js,function,maybeRefractToSchemaElement,False,
.js,variable,Gj,False,
.js,function,Xc,False,
.js,function,Bf,False,
.js,function,coerceElementMatchingCallback,False,
.js,function,Ej,False,
.js,function,__webpack_require__,False,
.js,function,isGenerator,False,
.js,variable,nb,False,
.js,variable,Mb,False,
.js,function,shouldComponentUpdate,False,
.js,function,mergeIntoMapWith,False,
.js,variable,Hx,False,
.js,function,actions_loaded,False,
.js,function,utf8Write,False,
.js,function,getOwnPropertyDescriptor,False,
.js,variable,ce,False,
.js,function,ue,False,
.js,function,baseLodash,False,
.js,variable,sA,False,
.js,function,EmailMatcher,False,
.js,function,isNsCharOrWhitespace,False,
.js,function,baseConvert,False,
.js,function,validator,False,
.js,function,onCorkedFinish,False,
.js,variable,B,False,
.js,function,debug,False,
.js,variable,Bv,False,
.js,function,_iterableReduce,False,
.js,function,reduce,False,
.js,variable,trailingSlash,False,
.js,function,highlight,False,
.js,function,XMap,False,
.js,function,resetToNonEmailMatchState,False,
.js,variable,ju,False,
.js,function,buildNestedParams,False,
.js,function,toFinite,False,
.js,variable,Yd,False,
.js,variable,kn,False,
.js,function,create,False,
.js,function,readUInt32LE,False,
.js,function,w,False,
.js,function,toSource,False,
.js,variable,RO,False,
.js,function,context_tree_updateNode,False,
.js,variable,Ov,False,
.js,variable,pt,False,
.js,function,_isString,False,
.js,variable,Xg,False,
.js,function,buildBaseUrl,False,
.js,function,constant,False,
.js,variable,CC,False,
.js,function,tryUnsubscribe,False,
.js,function,bh,False,
.js,function,customOmitClone,False,
.js,function,OrderedMap,False,
.js,function,basePropertyDeep,False,
.js,function,splitOnTags,False,
.js,function,sliceFactory,False,
.js,function,parse,False,
.js,function,collectInputSelectorResults,False,
.js,function,baseUnset,False,
.js,function,Yf,False,
.js,function,Markdown,False,
.js,class,ResolveStrategy,False,
.js,variable,nt,False,
.js,function,Ue,False,
.js,variable,yf,False,
.js,variable,FC,False,
.js,function,capitalize,False,
.js,function,is_writable,False,
.js,function,stackClear,False,
.js,variable,SA,False,
.js,function,_8bit,False,
.js,function,setWrapToString,False,
.js,function,emphasis,False,
.js,function,Tc,False,
.js,function,dispatch,False,
.js,function,querystring,False,
.js,function,escapeForXML,False,
.js,function,done,False,
.js,function,buildRequest,False,
.js,function,undestroy,False,
.js,function,unapply,False,
.js,function,baseIsTypedArray,False,
.js,variable,base64url,False,
.js,function,extends_extends,False,
.js,function,getDoc,False,
.js,function,isBinary,False,
.js,function,swap,False,
.js,function,_array_like_to_array,False,
.js,function,equalArrays,False,
.js,variable,_l,False,
.js,function,ij,False,
.js,function,_isClobbered,False,
.js,function,autoDetection,False,
.js,variable,hw,False,
.js,variable,buildNestedParams,False,
.js,function,prefinish,False,
.js,function,vc,False,
.js,function,leadingEdge,False,
.js,function,endsWith,False,
.js,function,se,False,
.js,function,forEach,False,
.js,function,Ef,False,
.js,function,initNetworkProxyFromEnv,False,
.js,function,handleMinMaxItems,False,
.js,function,ParserInline,False,
.js,function,handleFile,False,
.js,variable,Gt,False,
.js,variable,maybeRefractToSchemaElement,False,
.js,function,Le,False,
.js,function,parametersIncludeIn,False,
.js,function,skipSpaces,False,
.js,function,pointerBoundaryChar,False,
.js,variable,jm,False,
.js,function,mapToArray,False,
.js,function,setListBounds,False,
.js,variable,Pr,False,
.js,function,_clone,False,
.js,function,storeMappingPair,False,
.js,function,lib_normalizeArray,False,
.js,function,replace_special_chars_with_underscore,False,
.js,function,block,False,
.js,function,_uniqContentEquals,False,
.js,function,createFind,False,
.js,variable,actions_loaded,False,
.js,function,utils_memoizeN,False,
.js,function,fill,False,
.js,function,apply,False,
.js,variable,ey,False,
.js,function,checkArguments,False,
.js,function,emit,False,
.js,function,keyedSeqFromValue,False,
.js,function,cloneArray,False,
.js,function,producesOptionsFor,False,
.js,function,ml,False,
.js,function,H,False,
.js,function,PassThrough,False,
.js,function,updateResolved,False,
.js,function,baseHas,False,
.js,function,unescapeMd,False,
.js,variable,mC,False,
.js,function,jk,False,
.js,function,onwriteError,False,
.js,function,cloneArrayBuffer,False,
.js,function,HashCollisionNode,False,
.js,variable,In,False,
.js,function,index_browser_escape,False,
.js,variable,Vw,False,
.js,function,Xb,False,
.js,function,deepEqual,False,
.js,variable,be,False,
.js,variable,w,False,
.js,function,IterableSeq,False,
.js,function,is_WHITE_SPACE,False,
.js,function,deprecateHighlightBlock,False,
.js,variable,uI,False,
.js,function,seqFromValue,False,
.js,function,util,False,
.js,function,MentionMatch,False,
.js,function,hh,False,
.js,function,is_FLOW_INDICATOR,False,
.js,function,cloneRegExp,False,
.js,function,assocIndexOf,False,
.js,function,Ee,False,
.js,function,compileStyleAliases,False,
.js,function,Hi,False,
.js,function,hash,False,
.js,function,endIndex,False,
.js,function,Zk,False,
.js,function,compileStyleMap,False,
.js,function,subscribeUpdates,False,
.js,function,lh,False,
.js,variable,iw,False,
.js,function,mergeStreams,False,
.js,function,stringify,False,
.js,variable,Qy,False,
.js,function,stateAttributeName,False,
.js,variable,Jf,False,
.js,function,createKeyBasedPlugin,False,
.js,function,persistAuthorizationIfNeeded,False,
.js,variable,rC,False,
.js,function,weakMapMemoize,False,
.js,function,isNull,False,
.js,function,_type_of,False,
.js,function,shallowEqual,False,
.js,variable,Ly,False,
.js,function,fl,False,
.js,function,entryMapper,False,
.js,variable,m_,False,
.js,function,selectors_onlyOAS3,False,
.js,function,oh,False,
.js,function,emptySequence,False,
.js,function,extractFileNameFromContentDispositionHeader,False,
.js,function,Qg,False,
.js,function,extractProtocol,False,
.js,variable,Yy,False,
.js,function,getTailOffset,False,
.js,function,initConstantSelector,False,
.js,function,Mh,False,
.js,function,assocPath,False,
.js,function,checkIEEE754,False,
.js,function,asciiToArray,False,
.js,function,constructYamlOmap,False,
.js,function,DOMPurify,False,
.js,variable,Xo,False,
.js,function,Duplex,False,
.js,function,parameterValues,False,
.js,function,captureSegment,False,
.js,variable,Ib,False,
.js,function,both,False,
.js,variable,_i,False,
.js,function,parseLinkLabel,False,
.js,variable,newState,False,
.js,variable,handleFile,False,
.js,variable,Ur,False,
.js,function,comparator,False,
.js,function,IteratorSeq,False,
.js,function,realHasInstance,False,
.js,function,readPlainScalar,False,
.js,function,stateNonHashtagWordChar,False,
.js,function,Error,False,
.js,variable,mv,False,
.js,function,readInt32LE,False,
.js,variable,utils_memoizeN,False,
.js,variable,deltaX,False,
.js,variable,vy,False,
.js,function,isSeq,False,
.js,function,arrayLikeToArray_arrayLikeToArray,False,
.js,function,wrapIndex,False,
.js,function,validateLink,False,
.js,function,simpleEnd,False,
.js,function,F,False,
.js,variable,sl,False,
.js,function,setRequestBodyValidateError,False,
.js,variable,dh,False,
.js,variable,Ea,False,
.js,function,addChunk,False,
.js,variable,La,False,
.js,function,isOpeningTag,False,
.js,function,cloneUnlessOtherwiseSpecified,False,
.js,function,object,False,
.js,function,methodWrap,False,
.js,function,_createNodeIterator,False,
.js,function,doEndMatch,False,
.js,variable,en,False,
.js,function,_toISOString,False,
.js,variable,Re,False,
.js,function,getInlineLineNumber,False,
.js,function,_parseConfig,False,
.js,variable,jE,False,
.js,variable,br,False,
.js,function,b64toB64UrlEncoded,False,
.js,variable,vS,False,
.js,variable,ul,False,
.js,function,endWritable,False,
.js,function,isRfc3986Reserved,False,
.js,variable,handleMinMaxItems,False,
.js,function,isFreelyNamed,False,
.js,function,safeBuildUrl,False,
.js,variable,Nd,False,
.js,function,toTitleCase,False,
.js,function,checkIntBI,False,
.js,function,resetToDataState,False,
.js,variable,Jp,False,
.js,variable,dE,False,
.js,variable,Pw,False,
.js,function,nd,False,
.js,variable,At,False,
.js,function,baseGetTag,False,
.js,variable,Ny,False,
.js,function,difference,False,
.js,function,f3,False,
.js,variable,DO,False,
.js,variable,eC,False,
.js,function,deepCloneArray,False,
.js,variable,pyodideVersion,False,
.js,function,required,False,
.js,variable,Sv,False,
.js,variable,persistAuthorizationIfNeeded,False,
.js,function,assertSize,False,
.js,function,formatKeyValue,False,
.js,function,base64End,False,
.js,function,validateValueBySchema,False,
.js,function,_includesWith,False,
.js,variable,jt,False,
.js,variable,Cx,False,
.js,function,isAssociative,False,
.js,function,C,False,
.js,variable,yE,False,
.js,function,StateCore,False,
.js,function,yh,False,
.js,variable,Xt,False,
.js,function,callAfterLoad,False,
.js,function,assertIsArrayOfFunctions,False,
.js,variable,onDone,False,
.js,function,allocUnsafe,False,
.js,function,compileLanguage,False,
.js,variable,Dx,False,
.js,variable,DOMPurify,False,
.js,function,R,False,
.js,function,isLength,False,
.js,variable,jw,False,
.js,function,resolveYamlFloat,False,
.js,function,IndexedSeq,False,
.js,function,isBoolean,False,
.js,function,throwWarning,False,
.js,function,ConnectFunction,False,
.js,function,lib_merge,False,
.js,function,baseReduce,False,
.js,variable,Iy,False,
.js,variable,Oh,False,
.js,variable,Hl,False,
.js,function,readSingleQuotedScalar,False,
.js,function,componentWillUnmount,False,
.js,function,_curry2,False,
.js,function,startNewTag,False,
.js,variable,eA,False,
.js,class,Parser,False,
.js,function,bodyBuilder,False,
.js,function,Ik,False,
.js,function,StringDecoder,False,
.js,function,pureFinalPropsSelectorFactory,False,
.js,function,sh,False,
.js,function,kj,False,
.js,function,render,False,
.js,variable,Yn,False,
.js,function,smartquotes,False,
.js,function,HashtagMatcher,False,
.js,function,K,False,
.js,variable,newAction,False,
.js,function,_createTrustedTypesPolicy,False,
.js,function,createCloner,False,
.js,variable,setRequestBodyValidateError,False,
.js,variable,nm,False,
.js,function,isNothing,False,
.js,function,withSystem,False,
.js,variable,Om,False,
.js,function,arrayReduce,False,
.js,function,dg,False,
.js,function,addListener,False,
.js,function,mark,False,
.js,function,addPlugin,False,
.js,function,testDocumentSeparator,False,
.js,variable,dp,False,
.js,function,isOrderedSet,False,
.js,function,consume,False,
.js,function,updateInDeepMap,False,
.js,function,sigma0,False,
.js,variable,fS,False,
.js,variable,bm,False,
.js,function,serializeResponse,False,
.js,function,uc,False,
.js,function,emitErrorAndCloseNT,False,
.js,function,walker,False,
.js,function,Hash,False,
.js,variable,gf,False,
.js,variable,vs,False,
.js,function,fromList,False,
.js,function,resolveOpenAPI2Strategy,False,
.js,function,writeInt64BE,False,
.js,variable,wS,False,
.js,variable,oE,False,
.js,variable,uC,False,
.js,function,serializeHeaderValue,False,
.js,variable,_u,False,
.js,function,S,False,
.js,variable,pp,False,
.js,function,uj,False,
.js,function,emptyList,False,
.js,function,EmailMatch,False,
.js,function,onwrite,False,
.js,variable,au,False,
.js,function,convertLib,False,
.js,function,push,False,
.js,variable,Wl,False,
.js,function,defaultComparator,False,
.js,function,_objectWithoutProperties,False,
.js,function,isArrayOfFile,False,
.js,function,lj,False,
.js,variable,Zv,False,
.js,function,_arrayReduce,False,
.js,function,lb,False,
.js,variable,rv,False,
.js,function,makeList,False,
.js,function,propertyIsOnObject,False,
.js,function,rb,False,
.js,function,KeyedSeq,False,
.js,function,_objectKeys,False,
.js,function,opsFilter,False,
.js,function,methodWrapReturnFunction,False,
.js,variable,zw,False,
.js,function,readFloatLE,False,
.js,class,EphemeralObject,False,
.js,function,Ge,False,
.js,variable,ud,False,
.js,function,encodeArray,False,
.js,variable,de,False,
.js,function,preauthorizeApiKey,False,
.js,variable,mm,False,
.js,function,XDropLastWhile,False,
.js,function,XAll,False,
.js,variable,Wv,False,
.js,function,ad,False,
.js,function,readAlias,False,
.js,function,startNewMode,False,
.js,function,stripNonAlpha,False,
.js,function,specmap_noop,False,
.js,function,is_WS_OR_EOL,False,
.js,variable,Al,False,
.js,variable,withSystem,False,
.js,function,ak,False,
.js,function,_arrayLikeToArray,False,
.js,function,generateCodeVerifier,False,
.js,variable,ws,False,
.js,function,keywordData,False,
.js,variable,C,False,
.js,function,Ke,False,
.js,function,newThrownErrBatch,False,
.js,function,_onceWrap,False,
.js,function,abbr,False,
.js,function,objMap,False,
.js,function,isAlphaNum,False,
.js,function,wrapError,False,
.js,function,WritableState,False,
.js,variable,oy,False,
.js,variable,hx,False,
.js,variable,memoized,False,
.js,function,blockLanguage,False,
.js,function,newSpecErr,False,
.js,function,createCaseFirst,False,
.js,class,KeyValuePair,False,
.js,variable,config,False,
.js,function,handleNewProps,False,
.js,function,PatchError,False,
.js,function,gl,False,
.js,function,OAS30ComponentWrapFactory,False,
.js,function,last,False,
.js,function,MO,False,
.js,function,Xk,False,
.js,function,pointerAlreadyInPath,False,
.js,variable,na,False,
.js,variable,_g,False,
.js,variable,specmap_noop,False,
.js,function,cloneShallowKeyValuePair,False,
.js,function,UrlMatchValidator,False,
.js,function,collectType,False,
.js,function,Uh,False,
.js,function,swap32,False,
.js,function,always,False,
.js,function,Zh,False,
.js,function,dropWhile,False,
.js,variable,vk,False,
.js,variable,kf,False,
.js,variable,ES,False,
.js,function,table,False,
.js,function,tf,False,
.js,variable,op,False,
.js,variable,uw,False,
.js,variable,St,False,
.js,function,fnparser,False,
.js,function,context,False,
.js,function,validateRequestBodyIsRequired,False,
.js,function,react_redux_bindActionCreators,False,
.js,function,fb,False,
.js,function,_isInteger,False,
.js,function,listeners,False,
.js,function,Mg,False,
.js,function,Fe,False,
.js,variable,Bk,False,
.js,function,getKnownSyntaxHighlighterLanguage,False,
.js,function,resume_,False,
.js,function,getKeys,False,
.js,function,IndexedIterable,False,
.js,function,reconsumeCurrentCharacter,False,
.js,function,Sg,False,
.js,function,Wh,False,
.js,function,baseUnary,False,
.js,function,mapSpec,False,
.js,function,p,False,
.js,function,constructYamlTimestamp,False,
.js,function,hasExceededMaxProperties,False,
.js,function,defaultMergeProps,False,
.js,function,parseLinkTitle,False,
.js,function,pd,False,
.js,function,concat,False,
.js,variable,xa,False,
.js,function,isIndex,False,
.js,variable,Rd,False,
.js,variable,b_,False,
.js,function,sub,False,
.js,function,P,False,
.js,function,Zj,False,
.js,variable,iC,False,
.js,function,assertIsObject,False,
.js,function,sanitizer,False,
.js,function,log,False,
.js,function,ha,False,
.js,function,index_browser_has,False,
.js,function,wrap,False,
.js,function,changeParamByIdentity,False,
.js,variable,Ga,False,
.js,function,encodeChunk,False,
.js,function,on_complete,False,
.js,function,runClearTimeout,False,
.js,function,padStart,False,
.js,function,ValueNode,False,
.js,function,ob,False,
.js,variable,pk,False,
.js,function,zc,False,
.js,variable,bE,False,
.js,function,addProtocol,False,
.js,function,writeInt16BE,False,
.js,function,base64Text,False,
.js,function,Vh,False,
.js,function,wrapMergePropsFunc,False,
.js,variable,uo,False,
.js,variable,ld,False,
.js,variable,Sy,False,
.js,function,readDocument,False,
.js,variable,visitor_visit,False,
.js,function,ri,False,
.js,function,Je,False,
.js,variable,rf,False,
.js,variable,Ay,False,
.js,variable,WE,False,
.js,variable,AI,False,
.js,function,execute_buildRequest,False,
.js,function,registerAliases,False,
.js,function,invariant,False,
.js,variable,ea,False,
.js,function,getMatchData,False,
.js,function,readIntBE,False,
.js,function,oas3_selectors_onlyOAS3,False,
.js,function,fromJS,False,
.js,variable,Rh,False,
.js,function,rolling_load,False,
.js,variable,gg,False,
.js,function,hoistNonReactStatics,False,
.js,variable,vl,False,
.js,function,checkListener,False,
.js,function,parseValue,False,
.js,variable,M_,False,
.js,function,extractFromDoc,False,
.js,function,sj,False,
.js,function,add,False,
.js,function,operation_wrapper,False,
.js,variable,id,False,
.js,variable,lp,False,
.js,variable,Tr,False,
.js,variable,Gf,False,
.js,function,Dg,False,
.js,function,recordName,False,
.js,variable,uh,False,
.js,function,baseMerge,False,
.js,function,legacy_defineProperties,False,
.js,function,parameter_extension,False,
.js,variable,Pn,False,
.js,function,De,False,
.js,function,updateNode,False,
.js,function,expandOrCloneMode,False,
.js,variable,EA,False,
.js,class,MultiRegex,False,
.js,function,zf,False,
.js,variable,Jh,False,
.js,variable,es,False,
.js,function,_isObject,False,
.js,function,gk,False,
.js,variable,rt,False,
.js,variable,um,False,
.js,function,isString,False,
.js,function,ins,False,
.js,function,validChunk,False,
.js,function,Wb,False,
.js,variable,hasExceededMaxProperties,False,
.js,function,_objectIs,False,
.js,function,update_state,False,
.js,variable,Dw,False,
.js,variable,Up,False,
.js,variable,MO,False,
.js,function,J,False,
.js,function,updateReadableListening,False,
.js,function,next,False,
.js,function,CompileError,False,
.js,function,shim,False,
.js,variable,yI,False,
.js,function,nI,False,
.js,variable,XS,False,
.js,variable,jv,False,
.js,variable,pE,False,
.js,function,chunkInvalid,False,
.js,variable,UE,False,
.js,variable,rolling_load,False,
.js,function,Map,False,
.js,function,_sliced_to_array,False,
.js,function,gO,False,
.js,function,AggregateError,False,
.js,function,stateBeforeAttributeValue,False,
.js,variable,lw,False,
.js,function,isInteger,False,
.js,function,captureWrapperProps,False,
.js,function,imul,False,
.js,variable,Ax,False,
.js,function,_isNativeReflectConstruct,False,
.js,function,createHtmlReadyId,False,
.js,class,Store,False,
.js,function,_array_with_holes,False,
.js,function,encodePrimitive,False,
.js,variable,uv,False,
.js,function,stringifyUnlessList,False,
.js,function,freeze,False,
.js,function,mapToPropsProxy,False,
.js,variable,mu,False,
.js,variable,ssr,False,
.js,function,baseRest,False,
.js,function,or,False,
.js,function,build_request_applySecurities,False,
.js,function,writeBigUInt64BE,False,
.js,function,readBigInt64LE,False,
.js,function,compileIllegal,False,
.js,function,tryUnsubscribeSelf,False,
.js,function,filterFactory,False,
.js,function,invokeFunc,False,
.js,function,I,False,
.js,function,MakeRef,False,
.js,function,handleFirstCall,False,
.js,function,checkOffset,False,
.js,function,_7bit,False,
.js,variable,touchEndY,False,
.js,variable,GE,False,
.js,function,indexOf,False,
.js,function,mergeDeepRight,False,
.js,function,_xwrap,False,
.js,function,_areEquals,False,
.js,function,eq,False,
.js,function,baseFindIndex,False,
.js,function,getMessage,False,
.js,variable,fk,False,
.js,function,property,False,
.js,variable,ja,False,
.js,variable,Ql,False,
.js,function,writeUInt32LE,False,
.js,function,_objectSpread,False,
.js,function,ToKeyedSequence,False,
.js,function,applyPropAndMethodDecorators,False,
.js,variable,Zd,False,
.js,function,updateOrderedMap,False,
.js,function,mergeDeep,False,
.js,variable,Av,False,
.js,variable,pb,False,
.js,variable,Kw,False,
.js,function,get,False,
.js,variable,operation_wrapper,False,
.js,variable,Xl,False,
.js,variable,xe,False,
.js,function,nop,False,
.js,variable,parameter_extension,False,
.js,function,deburr,False,
.js,function,absoluteify,False,
.js,function,setIn,False,
.js,variable,WS,False,
.js,variable,rh,False,
.js,variable,packages,False,
.js,function,recur,False,
.js,function,bash,False,
.js,function,unicodeWords,False,
.js,variable,Vx,False,
.js,variable,mE,False,
.js,function,addToSet,False,
.js,variable,Na,False,
.js,function,clone,False,
.js,function,Uf,False,
.js,variable,ca,False,
.js,function,_setPrototypeOf,False,
.js,variable,zy,False,
.js,function,baseAry,False,
.js,function,parseToJson,False,
.js,function,utf8Slice,False,
.js,variable,Py,False,
.js,function,toString,False,
.js,function,BitmapIndexedNode,False,
.js,variable,uE,False,
.js,function,typeOf,False,
.js,variable,property,False,
.js,function,ql,False,
.js,variable,gx,False,
.js,function,iterateNode,False,
.js,function,safeGet,False,
.js,function,od,False,
.js,function,onclose,False,
.js,variable,nI,False,
.js,function,computeNewHighWaterMark,False,
.js,function,toConsumableArray_toConsumableArray,False,
.js,function,wc,False,
.js,variable,Gx,False,
.js,function,useTabs,False,
.js,function,getErrorsWithPaths,False,
.js,function,markTightParagraphs,False,
.js,function,_sanitizeAttributes,False,
.js,function,flatten,False,
.js,function,hasPath,False,
.js,variable,Zp,False,
.js,variable,ku,False,
.js,function,baseToString,False,
.js,variable,A_,False,
.js,function,Uk,False,
.js,variable,applyPropAndMethodDecorators,False,
.js,variable,kg,False,
.js,variable,webhooks,False,
.js,function,parametersIncludeType,False,
.js,function,_,False,
.js,variable,Xw,False,
.js,function,stateHashtagHashChar,False,
.js,function,resolve,False,
.js,function,create_indent,False,
.js,function,stubFalse,False,
.js,function,zd,False,
.js,function,f2,False,
.js,function,XDropWhile,False,
.js,function,visit,False,
.js,function,A,False,
.js,variable,_7bit,False,
.js,function,assign,False,
.js,variable,ba,False,
.js,function,Gamma1,False,
.js,function,throwError,False,
.js,function,Ek,False,
.js,function,beginEmailMatch,False,
.js,function,dropEndingNewline,False,
.js,function,after,False,
.js,function,timerExpired,False,
.js,function,del,False,
.js,function,stackHas,False,
.js,variable,Dr,False,
.js,function,ensureCanMutateNextListeners,False,
.js,variable,visitor_getNodeType,False,
.js,function,Yh,False,
.js,function,readBlockScalar,False,
.js,function,createConverter,False,
.js,function,toPropertyKey,False,
.js,variable,getErrorsWithPaths,False,
.js,variable,_f,False,
.js,variable,isComposing,False,
.js,function,wrapperClone,False,
.js,variable,Xn,False,
.js,function,initCloneArray,False,
.js,function,fromArrayLike,False,
.js,variable,xv,False,
.js,function,isError,False,
.js,function,callbacks_slash,False,
.js,function,debounced,False,
.js,function,setCacheAdd,False,
.js,function,createLinkifier,False,
.js,variable,U,False,
.js,function,Vi,False,
.js,function,pj,False,
.js,function,some,False,
.js,variable,Ln,False,
.js,function,returnSelfOrNewMap,False,
.js,function,castRearg,False,
.js,function,le,False,
.js,variable,Yg,False,
.js,function,unescapeJsonPointerToken,False,
.js,function,Ii,False,
.js,variable,Te,False,
.js,function,combineTypes,False,
.js,function,sb,False,
.js,function,readDoubleQuotedScalar,False,
.js,function,format,False,
.js,variable,Xv,False,
.js,variable,ew,False,
.js,variable,Sw,False,
.js,variable,ny,False,
.js,function,bindActionCreators,False,
.js,variable,fg,False,
.js,variable,Pb,False,
.js,function,readUIntLE,False,
.js,function,blitBuffer,False,
.js,function,_curryN,False,
.js,variable,la,False,
.js,variable,parseToJson,False,
.js,function,runTimeout,False,
.js,function,before,False,
.js,function,seqIterator,False,
.js,variable,Zg,False,
.js,variable,nn,False,
.js,variable,Bd,False,
.js,variable,Ao,False,
.js,variable,qk,False,
.js,function,hj,False,
.js,function,scanDelims,False,
.js,function,ab,False,
.js,function,oe,False,
.js,function,StateInline,False,
.js,function,open,False,
.js,function,sa,False,
.js,function,baseUrl,False,
.js,function,Jk,False,
.js,function,getValue,False,
.js,function,isBuffer,False,
.js,function,set,False,
.js,function,FromEntriesSequence,False,
.js,function,ProcessEmitWarning,False,
.js,variable,sv,False,
.js,variable,fm,False,
.js,function,createChildren,False,
.js,function,basePropertyOf,False,
.js,function,MixedClass,False,
.js,function,Seq,False,
.js,function,hasUnicodeWord,False,
.js,variable,yS,False,
.js,function,tg,False,
.js,function,throwUnhandledCaseError,False,
.js,function,componentDidUpdate,False,
.js,function,parent,False,
.js,function,Ie,False,
.js,function,objReduce,False,
.js,variable,Pp,False,
.js,variable,_,False,
.js,function,arrayIndexOf,False,
.js,function,buildReducer,False,
.js,function,makeSnippet,False,
.js,function,pathBuilder,False,
.js,function,inline_plugin,False,
.js,variable,Vn,False,
.js,function,onceWrapper,False,
.js,function,changeConsumesValue,False,
.js,function,_quote,False,
.js,variable,XE,False,
.js,function,toInteger,False,
.js,function,_instanceof,False,
.js,function,_pipe,False,
.js,function,setResponseContentType,False,
.js,variable,yb,False,
.js,variable,es_T,False,
.js,function,authorizeOauth2WithPersistOption,False,
.js,variable,Fx,False,
.js,variable,vr,False,
.js,function,PhoneMatch,False,
.js,function,createHybrid,False,
.js,function,representYamlBinary,False,
.js,function,checked,False,
.js,variable,gw,False,
.js,function,testImplicitResolving,False,
.js,function,resolveSpec,False,
.js,variable,HE,False,
.js,variable,hv,False,
.js,function,skipIfhasPrecedingDot,False,
.js,variable,Kp,False,
.js,function,mapDispatchToPropsFactory,False,
.js,variable,le,False,
.js,function,propEq,False,
.js,variable,qp,False,
.js,function,ToSetSequence,False,
.js,function,updateJsonSpec,False,
.js,function,stateNonEmailAddress,False,
.js,function,parameter_builders_query,False,
.js,function,objectToString,False,
.js,function,_equals,False,
.js,function,isDate,False,
.js,function,Sha384,False,
.js,function,assembleLineNumberStyles,False,
.js,function,charFromCodepoint,False,
.js,function,processLines,False,
.js,function,Vc,False,
.js,function,cb,False,
.js,function,zipWithFactory,False,
.js,function,castPath,False,
.js,function,Nh,False,
.js,variable,x_,False,
.js,function,cloneByPath,False,
.js,function,nonIterableSpread_nonIterableSpread,False,
.js,variable,Fa,False,
.js,function,options_retrievalURI,False,
.js,function,pa,False,
.js,variable,tv,False,
.js,function,formatError,False,
.js,function,iterateNodeOrLeaf,False,
.js,function,base64Write,False,
.js,variable,Zx,False,
.js,function,tryDecode,False,
.js,variable,wE,False,
.js,variable,yv,False,
.js,function,doWrite,False,
.js,function,makeStack,False,
.js,function,_unsupported_iterable_to_array,False,
.js,variable,qg,False,
.js,function,vg,False,
.js,function,Mixin,False,
.js,function,hashDelete,False,
.js,function,normalizeArray,False,
.js,variable,Ml,False,
.js,function,jj,False,
.js,variable,Dh,False,
.js,function,yaml,False,
.js,function,backticks,False,
.js,function,optional,False,
.js,variable,Yu,False,
.js,variable,em,False,
.js,function,inspectNode,False,
.js,variable,inline_plugin,False,
.js,function,Oe,False,
.js,function,Sa,False,
.js,function,isSubscribed,False,
.js,function,slowToString,False,
.js,function,clearBuffer,False,
.js,variable,gI,False,
.js,function,setCacheHas,False,
.js,variable,Lv,False,
.js,variable,to,False,
.js,variable,combineTypes,False,
.js,function,parseLinkDestination,False,
.js,function,utf8ToBytes,False,
.js,function,updateClassName,False,
.js,variable,cu,False,
.js,function,baseIsArguments,False,
.js,function,_removeAttribute,False,
.js,function,identity,False,
.js,function,keysIn,False,
.js,function,isFunc,False,
.js,function,mh,False,
.js,variable,Xu,False,
.js,function,nodes,False,
.js,function,oas31_after_load_afterLoad,False,
.js,function,_Set,False,
.js,variable,resolveSpec,False,
.js,function,stateHashtagTextChar,False,
.js,function,setProps,False,
.js,class,IdentityManager,False,
.js,function,isSet,False,
.js,function,_isArray,False,
.js,function,stateAtSign,False,
.js,function,hasIn,False,
.js,function,arrayIncludes,False,
.js,function,is_EOL,False,
.js,function,finishMaybe,False,
.js,variable,Ou,False,
.js,function,shortOut,False,
.js,function,idFromPathMethodLegacy,False,
.js,function,base64ToBytes,False,
.js,variable,Cy,False,
.js,function,processKeywords,False,
.js,function,isPlainSafeLast,False,
.js,function,updateSet,False,
.js,function,getWrapDetails,False,
.js,function,li,False,
.js,function,Ki,False,
.js,function,emitCloseNT,False,
.js,function,isKeyable,False,
.js,function,eventTargetAgnosticAddListener,False,
.js,function,configureStore,False,
.js,function,resolveOpenAPI30Strategy,False,
.js,variable,options_retrievalURI,False,
.js,function,writeUInt16LE,False,
.js,variable,qO,False,
.js,function,base64,False,
.js,function,NoMargin,False,
.js,function,insertWrapDetails,False,
.js,function,Ma,False,
.js,variable,Qo,False,
.js,function,n,False,
.js,function,array,False,
.js,function,toLower,False,
.js,function,deepMerger,False,
.js,function,createInvalidArgFactory,False,
.js,function,_objectWithoutPropertiesLoose,False,
.js,function,cleanUpNextTick,False,
.js,function,readBigUInt64BE,False,
.js,function,Fj,False,
.js,variable,Cp,False,
.js,variable,fp,False,
.js,function,scoreForKeyword,False,
.js,function,fd,False,
.js,function,replace,False,
.js,variable,og,False,
.js,function,Wk,False,
.js,function,DebounceInput,False,
.js,function,getProductionTypeChecker,False,
.js,function,KeyedIterable,False,
.js,function,Gi,False,
.js,function,_curry3,False,
.js,function,createIterResult,False,
.js,function,listCacheHas,False,
.js,function,keys,False,
.js,function,Hj,False,
.js,function,readUInt16LE,False,
.js,variable,Vk,False,
.js,variable,wm,False,
.js,function,cloneTypedArray,False,
.js,function,mapCacheClear,False,
.js,function,clearValidateParams,False,
.js,function,memoize,False,
.js,function,flipFactory,False,
.js,function,shouldInvoke,False,
.js,function,writeBigInt64BE,False,
.js,function,f,False,
.js,function,bindActionCreator,False,
.js,variable,fI,False,
.js,function,jb,False,
.js,variable,My,False,
.js,function,shouldNotHighlight,False,
.js,function,ae,False,
.js,function,HashArrayMapNode,False,
.js,variable,setResponse,False,
.js,function,Hg,False,
.js,function,Lg,False,
.js,function,deepMergerWith,False,
.js,function,appendClass,False,
.js,function,handleYamlDirective,False,
.js,variable,Wf,False,
.js,class,ContextTree,False,
.js,function,readFlowCollection,False,
.js,function,readUIntBE,False,
.js,function,read,False,
.js,function,getScrollParent,False,
.js,variable,packageJson,False,
.js,variable,IC,False,
.js,function,Li,False,
.js,function,qj,False,
.js,function,Match,False,
.js,function,connect,False,
.js,function,idFromPathMethod,False,
.js,function,cloneSpecificValue,False,
.js,variable,Qh,False,
.js,variable,qC,False,
.js,variable,xl,False,
.js,function,_createReduce,False,
.js,function,converge,False,
.js,class,PredicateVisitor,False,
.js,variable,Vr,False,
.js,function,keyMapper,False,
.js,function,emptyTarget,False,
.js,variable,yp,False,
.js,function,isTerminatorChar,False,
.js,function,none,False,
.js,function,replaceScopedAbbr,False,
.js,function,ed,False,
.js,function,baseKeysIn,False,
.js,function,queryBuilder,False,
.js,function,ph,False,
.js,function,getMirror,False,
.js,function,react_immutable_pure_component_es_get,False,
.js,variable,micropip,False,
.js,function,prop,False,
.js,class,ArraySlice,False,
.js,variable,array,False,
.js,function,handleCombiningKeywords,False,
.js,variable,NoMargin,False,
.js,function,lens,False,
.js,variable,getComponentSilently,False,
.js,variable,ye,False,
.js,function,get_attributes,False,
.js,function,unicodeToArray,False,
.js,function,isLinkClose,False,
.js,function,useIsomorphicLayoutEffectWithArgs,False,
.js,function,updateLayout,False,
.js,variable,ec,False,
.js,function,absolutifyPointer,False,
.js,variable,HA,False,
.js,function,mapObjIndexed,False,
.js,variable,Dd,False,
.js,function,Eh,False,
.js,function,unescapePathComponent,False,
.js,function,unsubscribe,False,
.js,function,readInt16LE,False,
.js,variable,_add,False,
.js,variable,TE,False,
.js,variable,ar,False,
.js,variable,Pc,False,
.js,function,splitAndCapture,False,
.js,function,createCompounder,False,
.js,function,constructYamlSet,False,
.js,variable,mp,False,
.js,variable,setRetainRequestBodyValueFlag,False,
.js,function,resolveYamlBinary,False,
.js,variable,qx,False,
.js,variable,_b,False,
.js,function,isJsonPatch,False,
.js,function,restoreAuthorization,False,
.js,function,isSwagger2,False,
.js,function,trySubscribe,False,
.js,function,Stream,False,
.js,function,reorder,False,
.js,function,wf,False,
.js,function,xml,False,
.js,variable,d_,False,
.js,variable,Ol,False,
.js,function,printf,False,
.js,function,SlowBuffer,False,
.js,function,AnchorTagBuilder,False,
.js,function,getNative,False,
.js,function,writeAfterEnd,False,
.js,class,Response,False,
.js,function,Si,False,
.js,variable,zo,False,
.js,function,fromByteArray,False,
.js,function,baseSet,False,
.js,function,stateDomainHyphen,False,
.js,variable,newSelection,False,
.js,function,clearRequest,False,
.js,function,__,False,
.js,function,skipOrderedListMarker,False,
.js,variable,Wg,False,
.js,variable,Cn,False,
.js,function,isEmptyValue,False,
.js,function,createChainableTypeChecker,False,
.js,variable,pg,False,
.js,function,wrapMapToPropsConstant,False,
.js,function,_isBasicCustomElement,False,
.js,function,index_browser_list,False,
.js,variable,base16,False,
.js,function,writeUInt32BE,False,
.js,variable,QE,False,
.js,function,padString,False,
.js,variable,I_,False,
.js,variable,Ip,False,
.js,variable,Vo,False,
.js,variable,Ca,False,
.js,function,resolveYamlInteger,False,
.js,function,readDoubleLE,False,
.js,function,mapStateToPropsFactory,False,
.js,variable,AC,False,
.js,function,htmlblock,False,
.js,function,ifElse,False,
.js,variable,Io,False,
.js,function,indent,False,
.js,function,lookupGetter,False,
.js,function,_highlight,False,
.js,function,arrayToJsonPointer,False,
.js,function,addXmlDeclaration,False,
.js,function,baseAssign,False,
.js,variable,Fl,False,
.js,function,createWrappedLine,False,
.js,function,ei,False,
.js,variable,yd,False,
.js,variable,tA,False,
.js,function,_loop,False,
.js,function,Eg,False,
.js,variable,WI,False,
.js,variable,Rr,False,
.js,variable,cp,False,
.js,function,writeFlowMapping,False,
.js,variable,Mu,False,
.js,function,MentionMatcher,False,
.js,function,generate,False,
.js,variable,An,False,
.js,function,defaultTo,False,
.js,function,Wc,False,
.js,function,O,False,
.js,function,countMatchGroups,False,
.js,function,isLetter,False,
.js,variable,yy,False,
.js,function,detectFactoryAndVerify,False,
.js,variable,Uw,False,
.js,function,paths,False,
.js,variable,dirtyCheck,False,
.js,variable,handleCombiningKeywords,False,
.js,function,SetCollection,False,
.js,function,cloneSymbol,False,
.js,function,unconstruct,False,
.js,function,setRequestBodyInclusion,False,
.js,function,bind,False,
.js,variable,_y,False,
.js,function,Transform,False,
.js,function,links,False,
.js,function,baseIsEqual,False,
.js,function,gj,False,
.js,function,arrCopy,False,
.js,function,_concat,False,
.js,variable,Iw,False,
.js,function,ondrain,False,
.js,function,isPromise,False,
.js,variable,Qe,False,
.js,function,iterateList,False,
.js,variable,keyCopier,False,
.js,function,_toConsumableArray,False,
.js,variable,Fp,False,
.js,function,getBreak,False,
.js,variable,Fv,False,
.js,function,returnTrue,False,
.js,function,ui,False,
.js,function,getBuffer,False,
.js,function,_inheritsLoose,False,
.js,function,highWaterMarkFrom,False,
.js,function,and,False,
.js,variable,ln,False,
.js,function,transformErrors,False,
.js,function,maybeReadMore,False,
.js,function,nl,False,
.js,function,getClassNameCombinations,False,
.js,function,isMergeableObject,False,
.js,function,Cc,False,
.js,function,Qj,False,
.js,variable,Ba,False,
.js,function,makeFetchJSON,False,
.js,function,u,False,
.js,variable,qI,False,
.js,function,_either,False,
.js,function,loadDocuments,False,
.js,function,hk,False,
.js,function,Cg,False,
.js,function,escapeHTML,False,
.js,function,update,False,
.js,variable,suggestion,False,
.js,function,objectify,False,
.js,variable,Po,False,
.js,function,ellipsis,False,
.js,function,constructYamlPairs,False,
.js,function,resolveBegin,False,
.js,function,_unsupportedIterableToArray,False,
.js,function,codePointAt,False,
.js,function,delay,False,
.js,function,baseMatchesProperty,False,
.js,variable,isEmptyValue,False,
.js,variable,Bl,False,
.js,function,wg,False,
.js,function,validateRnmCallbackResult,False,
.js,function,updateMap,False,
.js,function,asciiWords,False,
.js,variable,Jo,False,
.js,function,constructYamlBoolean,False,
.js,function,maxCompare,False,
.js,variable,nu,False,
.js,function,getOwnPropertyNames,False,
.js,function,mapIteratorFrame,False,
.js,function,onrequest,False,
.js,function,getCarry,False,
.js,function,contains,False,
.js,variable,mo,False,
.js,function,parentPathMatch,False,
.js,variable,rA,False,
.js,variable,Kt,False,
.js,function,_isTransformer,False,
.js,function,create_element_ownKeys,False,
.js,variable,Ot,False,
.js,variable,ty,False,
.js,variable,bC,False,
.js,function,maxFactory,False,
.js,function,hashClear,False,
.js,function,newSpecErrBatch,False,
.js,function,_getString,False,
.js,function,Sha1,False,
.js,function,resolveSize,False,
.js,function,createPartial,False,
.js,function,utf16leToBytes,False,
.js,function,Rg,False,
.js,function,Uc,False,
.js,function,makeNewMessage,False,
.js,function,PhoneMatcher,False,
.js,function,createDeepLinkPath,False,
.js,function,defineProperty,False,
.js,function,toPrimitive,False,
.js,function,overRest,False,
.js,variable,Vg,False,
.js,function,bj,False,
.js,function,destroyer,False,
.js,function,callback,False,
.js,function,Hb,False,
.js,variable,jo,False,
.js,function,utf8CheckIncomplete,False,
.js,variable,u,False,
.js,function,dependencyOnParent,False,
.js,variable,gy,False,
.js,function,stateAttributeValueSingleQuoted,False,
.js,variable,Dy,False,
.js,function,preauthorizeBasic,False,
.js,function,makeRecord,False,
.js,function,testAmbiguity,False,
.js,function,extractKey,False,
.js,function,setServerVariableValue,False,
.js,function,handleTagDirective,False,
.js,variable,bf,False,
.js,function,renamed,False,
.js,function,_arity,False,
.js,function,_xMethodReduce,False,
.js,function,cleanup,False,
.js,variable,yu,False,
.js,function,SetIterable,False,
.js,variable,buildUrl,False,
.js,function,_extends,False,
.js,function,defineProperties,False,
.js,variable,dx,False,
.js,function,_iterable_to_array_limit,False,
.js,function,Emitter,False,
.js,variable,validateRnmCallbackResult,False,
.js,function,Ta,False,
.js,class,Visitor,False,
.js,function,yj,False,
.js,function,readInt32BE,False,
.js,function,isRelativeUrlWithoutProtocol,False,
.js,function,context_tree_createNode,False,
.js,function,Yi,False,
.js,variable,Ld,False,
.js,function,mc,False,
.js,function,_assertThisInitialized,False,
.js,function,writeFloatLE,False,
.js,function,__assign,False,
.js,function,endOfMode,False,
.js,function,eventNames,False,
.js,variable,By,False,
.js,function,createIterableSubclassTypeChecker,False,
.js,function,baseIsNative,False,
.js,function,hasUndefined,False,
.js,function,Dc,False,
.js,function,ap,False,
.js,function,deprecate,False,
.js,function,_isNumber,False,
.js,variable,Se,False,
.js,function,valueEncoder,False,
.js,function,yc,False,
.js,variable,_a,False,
.js,variable,qA,False,
.js,function,onlyOAS3,False,
.js,function,pl,False,
.js,function,mapIteratorValue,False,
.js,variable,cv,False,
.js,function,cleanArray,False,
.js,function,Writable,False,
.js,function,stackGet,False,
.js,variable,__assign,False,
.js,function,isKey,False,
.js,function,emitReadable,False,
.js,function,te,False,
.js,function,createUnwrappedLine,False,
.js,variable,Ty,False,
.js,function,rotl30,False,
.js,function,lib_isError,False,
.js,function,lexer,False,
.js,function,inherit,False,
.js,variable,Lh,False,
.js,variable,lm,False,
.js,function,authorize,False,
.js,function,Kb,False,
.js,function,fromJSWith,False,
.js,function,_return,False,
.js,variable,vh,False,
.js,function,entity,False,
.js,variable,Mc,False,
.js,function,vsprintf,False,
.js,function,typeof_typeof,False,
.js,function,observe,False,
.js,class,ParentSchemaAwareVisitor_ParentSchemaAwareVisitor,False,
.js,function,Va,False,
.js,function,arrayFilter,False,
.js,function,setClientIdAndSecret,False,
.js,variable,extractKey,False,
.js,function,ary,False,
.js,class,DereferenceStrategy,False,
.js,function,Og,False,
.js,function,isDecCode,False,
.js,variable,wl,False,
.js,function,Vb,False,
.js,class,SpecMap,False,
.js,function,attribute,False,
.js,function,checkPossibleFailReasons,False,
.js,function,writeOrBuffer,False,
.js,function,isFlattenable,False,
.js,function,cacheHas,False,
.js,variable,h_,False,
.js,function,baseForOwn,False,
.js,function,b,False,
.js,function,parameter_builders_cookie,False,
.js,function,getLens,False,
.js,function,isPatch,False,
.js,function,IndexedCollection,False,
.js,variable,Rv,False,
.js,function,eos,False,
.js,variable,allProxy,False,
.js,function,stateSelfClosingStartTag,False,
.js,function,footnote,False,
.js,function,Renderer,False,
.js,function,removeListener,False,
.js,variable,NO,False,
.js,function,_forceRemove,False,
.js,function,createStoreWithMiddleware,False,
.js,function,components_HighlightCode,False,
.js,function,SyntaxError,False,
.js,function,isIterable,False,
.js,function,deprecateFixMarkup,False,
.js,function,flatRest,False,
.js,function,liftN,False,
.js,variable,nr,False,
.js,function,querystringify,False,
.js,variable,node,False,
.js,function,opId,False,
.js,function,reduceBy,False,
.js,function,NumberIsNaN,False,
.js,function,Rj,False,
.js,function,wrapForNext,False,
.js,variable,ds,False,
.js,function,toPath,False,
.js,function,assignMergeValue,False,
.js,function,popCallback,False,
.js,function,handleChangeWrapper,False,
.js,variable,Br,False,
.js,variable,ensureIsArray,False,
.js,function,pad,False,
.js,function,path_templating_grammar,False,
.js,function,setSelectedServer,False,
.js,function,Fi,False,
.js,function,assertNotInfinite,False,
.js,function,_isPrimitive,False,
.js,function,isLeafNode,False,
.js,function,extend,False,
.js,variable,Sb,False,
.js,function,_dispatchable,False,
.js,function,code,False,
.js,variable,on,False,
.js,function,onEndNT,False,
.js,function,javascript,False,
.js,function,isMasked,False,
.js,function,asciiToBytes,False,
.js,function,parseBody,False,
.js,function,_iterableToArray,False,
.js,function,combinePlugins,False,
.js,variable,of,False,
.js,function,live_response_Headers,False,
.js,variable,Lr,False,
.js,function,isEqual,False,
.js,function,removeObserverFromMirror,False,
.js,function,toArray,False,
.js,function,lolcation,False,
.js,variable,Ei,False,
.js,function,construct,False,
.js,function,at,False,
.js,function,Bc,False,
.js,function,upgradePluginAPI,False,
.js,variable,xg,False,
.js,variable,s_,False,
.js,variable,Nn,False,
.js,function,_create_class,False,
.js,function,Ac,False,
.js,function,unwrapListeners,False,
.js,function,requiresValidationURL,False,
.js,variable,core_components,False,
.js,function,baseMergeDeep,False,
.js,function,getAllKeysIn,False,
.js,function,SafeBuffer,False,
.js,function,f1,False,
.js,function,baseGet,False,
.js,function,Nb,False,
.js,function,baseClone,False,
.js,variable,tr,False,
.js,function,baseFlatten,False,
.js,function,isMap,False,
.js,variable,kr,False,
.js,function,consumesOptionsFor,False,
.js,function,interposeFactory,False,
.js,function,append,False,
.js,variable,ma,False,
.js,function,rotl5,False,
.js,function,BuildVuePlugin,False,
.js,function,Db,False,
.js,variable,It,False,
.js,function,qd,False,
.js,function,baseAssignValue,False,
.js,variable,vI,False,
.js,function,join,False,
.js,function,Ve,False,
.js,function,_xreduceBy,False,
.js,function,handleSubsequentCalls,False,
.js,variable,Ad,False,
.js,variable,_e,False,
.js,variable,fv,False,
.js,function,skipWhileFactory,False,
.js,variable,dI,False,
.js,function,gi,False,
.js,function,emptyStack,False,
.js,function,hi,False,
.js,function,getState,False,
.js,variable,Gv,False,
.js,function,createElement,False,
.js,function,emptyOrderedSet,False,
.js,variable,TempCtor,False,
.js,function,Ng,False,
.js,function,sup,False,
.js,function,simpleEscapeSequence,False,
.js,variable,_subtract,False,
.js,variable,FE,False,
.js,function,decodeURI,False,
.js,function,close,False,
.js,function,truncateEnd,False,
.js,function,encode,False,
.js,function,_isArguments,False,
.js,class,_ShortUniqueId,False,
.js,function,mergePropsFactory,False,
.js,variable,ua,False,
.js,function,isNil,False,
.js,function,defaultStatusCode,False,
.js,function,zi,False,
.js,variable,cw,False,
.js,function,isNotEmpty,False,
.js,function,XUniqWith,False,
.js,function,jd,False,
.js,class,ModelPropertyMacroVisitor,False,
.js,function,baseIteratee,False,
.js,variable,Qp,False,
.js,function,E,False,
.js,variable,ay,False,
.js,variable,live_response_Headers,False,
.js,function,MapCache,False,
.js,function,formDataBuilder,False,
.js,variable,_8bit,False,
.js,variable,i_,False,
.js,function,mi,False,
.js,function,Autolinker,False,
.js,function,prependListener,False,
.js,variable,dispatch,False,
.js,function,Gg,False,
.js,function,SyntaxHighlighter,False,
.js,variable,Tx,False,
.js,function,rI,False,
.js,function,createListenerCollection,False,
.js,variable,ya,False,
.js,function,h,False,
.js,variable,Kl,False,
.js,function,lookahead,False,
.js,function,oa,False,
.js,function,kk,False,
.js,function,addKeyword,False,
.js,function,hasValueOrEmptyAttribute,False,
.js,function,post,False,
.js,variable,deltaY,False,
.js,variable,bn,False,
.js,function,hasOrAdd,False,
.js,variable,pI,False,
.js,function,sanitizeUrl,False,
.js,variable,Nl,False,
.js,function,_toPrimitive,False,
.js,function,type_casters_array,False,
.js,class,JSONSerialiser,False,
.js,function,getOperationRaw,False,
.js,function,i,False,
.js,variable,pointerBoundaryChar,False,
.js,variable,replace_special_chars_with_underscore,False,
.js,variable,append,False,
.js,function,setPrototypeOf,False,
.js,function,Tj,False,
.js,variable,bs,False,
.js,function,Lf,False,
.js,variable,Rl,False,
.js,variable,No,False,
.js,function,onwriteStateUpdate,False,
.js,function,text,False,
.js,function,Tk,False,
.js,class,ParentSchemaAwareVisitor,False,
.js,function,_defineProperty,False,
.js,function,unshift,False,
.js,function,Ce,False,
.js,function,arrayPush,False,
.js,function,isInvalid,False,
.js,function,resume,False,
.js,function,content_type_noop,False,
.js,function,_classCallCheck,False,
.js,function,index_browser_getLine,False,
.js,function,Iterable,False,
.js,function,stateCommentStart,False,
.js,function,getHolder,False,
.js,function,skipCharsBack,False,
.js,function,UrlMatcher,False,
.js,function,nc,False,
.js,function,setDefaultEncoding,False,
.js,function,getLanguage,False,
.js,function,onunpipe,False,
.js,function,alloc,False,
.js,function,qi,False,
.js,function,afterTransform,False,
.js,function,Sk,False,
.js,variable,Tp,False,
.js,function,getRawTag,False,
.js,variable,at,False,
.js,function,Be,False,
.js,variable,we,False,
.js,function,nj,False,
.js,function,_complement,False,
.js,variable,Ed,False,
.js,class,OpenAPI3_1DereferenceVisitor,False,
.js,function,empty,False,
.js,function,utf8CheckByte,False,
.js,function,isOpenAPI30,False,
.js,function,SetSeq,False,
.js,function,bb,False,
.js,function,setMaxListeners,False,
.js,function,KeyedCollection,False,
.js,function,Rk,False,
.js,function,readFloatBE,False,
.js,variable,Gy,False,
.js,function,valueOrEmptyList,False,
.js,variable,lS,False,
.js,function,listenerCount,False,
.js,function,_possibleConstructorReturn,False,
.js,variable,newNode,False,
.js,function,Wj,False,
.js,function,quoteString,False,
.js,variable,_C,False,
.js,function,y,False,
.js,variable,rI,False,
.js,function,curryN,False,
.js,function,_xdropLastWhile,False,
.js,function,hexWrite,False,
.js,function,Pj,False,
.js,variable,prompt,False,
.js,function,resolveYamlMerge,False,
.js,function,compileKeywords,False,
.js,function,createAssigner,False,
.js,function,fromArrayView,False,
.js,variable,rm,False,
.js,function,iterateeRearg,False,
.js,function,hr,False,
.js,function,Sh,False,
.js,function,isPlainSafe,False,
.js,variable,type_casters_array,False,
.js,function,errorListener,False,
.js,function,onReadable,False,
.js,variable,Td,False,
.js,function,xh,False,
.js,function,Zf,False,
.js,variable,mf,False,
.js,function,defineBigIntMethod,False,
.js,variable,isRfc3986Reserved,False,
.js,function,seqIterate,False,
.js,function,Zb,False,
.js,function,baseGetAllKeys,False,
.js,variable,dispatcher,False,
.js,function,writeUInt8,False,
.js,variable,Zw,False,
.js,function,oi,False,
.js,variable,Mp,False,
.js,variable,xf,False,
.js,function,over,False,
.js,variable,Tt,False,
.js,function,plugins_layout,False,
.js,function,addSublanguage,False,
.js,function,requireLanguage,False,
.js,function,parameter_builders_header,False,
.js,variable,Ha,False,
.js,function,BufferList,False,
.js,function,nodeTypeGetter,False,
.js,variable,ng,False,
.js,function,Eb,False,
.js,class,Namespace,False,
.js,variable,kE,False,
.js,variable,i,False,
.js,function,rl,False,
.js,function,representYamlTimestamp,False,
.js,function,defineProperty_defineProperty,False,
.js,function,unregisterLanguage,False,
.js,function,addErrorHandlerIfEventEmitter,False,
.js,variable,wa,False,
.js,function,State,False,
.js,function,grammar,False,
.js,function,configure,False,
.js,variable,ky,False,
.js,variable,Mv,False,
.js,function,boot,False,
.js,function,arrayEach,False,
