File Type,Element Type,Element Name
.svelte,svelte_prop,codeExecutions
.svelte,variable,onBack
.svelte,variable,toggleGlobalHandler
.svelte,svelte_prop,imageGenerationEnabled
.svelte,variable,emojiRows
.svelte,variable,_selectedModels
.svelte,variable,dismissed
.svelte,variable,stopAudioStream
.svelte,variable,scrollToBottom
.svelte,svelte_prop,rows
.svelte,variable,responseMessage
.svelte,variable,currentPassword
.svelte,variable,formattedSeconds
.svelte,variable,localDBChats
.svelte,variable,showExperimentalOllama
.svelte,svelte_prop,setGroups
.svelte,svelte_prop,confirmLabel
.svelte,variable,openPane
.svelte,svelte_prop,rateMessage
.svelte,svelte_prop,regenerateResponse
.svelte,variable,onClose
.svelte,variable,target
.svelte,variable,lastSoundTime
.svelte,variable,element
.svelte,variable,rootFolders
.svelte,variable,positionChangeHandler
.svelte,variable,manifest
.svelte,variable,showAddMemoryModal
.svelte,variable,saveRecording
.svelte,variable,hasHiddenFolder
.svelte,variable,_socket
.svelte,variable,ldapSignInHandler
.svelte,variable,cloneChatHandler
.svelte,svelte_prop,open
.svelte,variable,stopCamera
.svelte,variable,visionCapableModels
.svelte,variable,filterMode
.svelte,variable,rankedModels
.svelte,variable,durationCounter
.svelte,variable,_state
.svelte,variable,showUnarchiveAllConfirmDialog
.svelte,variable,selectedFile
.svelte,variable,userPrompt
.svelte,variable,onDragOver
.svelte,variable,pipelineUrls
.svelte,svelte_prop,archiveChatHandler
.svelte,variable,createdAtDate
.svelte,variable,lowerCaseQuery
.svelte,variable,directConnections
.svelte,variable,parentRect
.svelte,variable,embeddingBatchSize
.svelte,function,status
.svelte,svelte_prop,model
.svelte,variable,selectedGroupId
.svelte,variable,savedModels
.svelte,variable,updateDirectConnectionsHandler
.svelte,svelte_prop,threadId
.svelte,variable,inlineCss
.svelte,variable,shiftEnter
.svelte,variable,img
.svelte,variable,minutes
.svelte,svelte_prop,uploadGoogleDriveHandler
.svelte,variable,statsA
.svelte,variable,distance
.svelte,variable,isCtrlPressed
.svelte,variable,words
.svelte,svelte_prop,func
.svelte,variable,dataTransfer
.svelte,variable,toggleSplitLargeChunks
.svelte,function,extractAttributes
.svelte,variable,relativePath
.svelte,svelte_prop,edit
.svelte,function,checkDirection
.svelte,variable,chatImportInputElement
.svelte,function,resetPanZoomViewport
.svelte,variable,showEdit
.svelte,variable,uploadMessage
.svelte,variable,showPinnedChat
.svelte,svelte_prop,width
.svelte,function,loadLocale
.svelte,variable,onBlur
.svelte,function,calculateModelStats
.svelte,variable,clone
.svelte,variable,fuseOptions
.svelte,variable,size
.svelte,variable,input
.svelte,variable,playbackRate
.svelte,variable,selectSuggestionPrompt
.svelte,variable,embeddingEngine
.svelte,variable,defaultModelIds
.svelte,variable,toggleHybridSearch
.svelte,variable,webConfig
.svelte,variable,progressBar
.svelte,variable,_messages
.svelte,variable,toggleUserLocation
.svelte,variable,placement
.svelte,variable,permission
.svelte,variable,enableDescription
.svelte,svelte_prop,offset
.svelte,svelte_prop,align
.svelte,variable,responseMessageId
.svelte,variable,messageInput
.svelte,variable,getVoicesLoop
.svelte,svelte_prop,showTemporaryChatControl
.svelte,variable,chatEventEmitter
.svelte,variable,executing
.svelte,function,init
.svelte,variable,onLoad
.svelte,function,stopLoading
.svelte,variable,status
.svelte,variable,enableMemory
.svelte,variable,searchPlaceholder
.svelte,variable,backendConfig
.svelte,variable,eventConfirmationInput
.svelte,variable,dragAndDrop
.svelte,variable,feedbacksToShare
.svelte,variable,saveAsCopyHandler
.svelte,variable,cameraInputElement
.svelte,variable,downloadJSONExport
.svelte,variable,sceneElement
.svelte,variable,executePythonAsWorker
.svelte,svelte_prop,triggerClassName
.svelte,variable,fileBlob
.svelte,variable,resetPanZoomViewport
.svelte,svelte_prop,channel
.svelte,variable,info
.svelte,variable,confirmLabel
.svelte,function,addUsage
.svelte,variable,initTags
.svelte,variable,tabs
.svelte,variable,rateMessage
.svelte,variable,createModelPullProgress
.svelte,variable,confirmRecording
.svelte,variable,querySettings
.svelte,variable,isCollapsibleOpen
.svelte,variable,focusEdit
.svelte,variable,uploadProgress
.svelte,function,applyTheme
.svelte,variable,confirmHandler
.svelte,variable,toggleLargeTextAsFile
.svelte,variable,observer
.svelte,function,percentage
.svelte,variable,languages
.svelte,function,offsetY
.svelte,function,recurseCheckChild
.svelte,variable,onTTSEngineChange
.svelte,variable,draggable
.svelte,variable,user
.svelte,svelte_prop,command
.svelte,svelte_prop,message
.svelte,variable,toggleModelHandler
.svelte,variable,init
.svelte,variable,stopLoading
.svelte,svelte_prop,chat
.svelte,variable,output
.svelte,variable,threadId
.svelte,svelte_prop,userIds
.svelte,variable,showCodeExecutionModal
.svelte,variable,uploadGoogleDriveFile
.svelte,variable,setEmbeddingConfig
.svelte,variable,func
.svelte,variable,mounted
.svelte,variable,isExpandedUpdateDebounceHandler
.svelte,function,submitHandler
.svelte,variable,downloadModels
.svelte,variable,updateFileContentHandler
.svelte,variable,button
.svelte,variable,setToolIds
.svelte,variable,chatCompletedHandler
.svelte,variable,editTextAreaElement
.svelte,variable,getTagEmbeddings
.svelte,variable,helpText
.svelte,variable,addUsage
.svelte,variable,positionMap
.svelte,variable,onDrag
.svelte,variable,selectedActionIds
.svelte,svelte_prop,messageId
.svelte,svelte_prop,autocomplete
.svelte,variable,parentMessage
.svelte,variable,filteredItems
.svelte,variable,sortOrder
.svelte,variable,TTSModelProgress
.svelte,variable,defaultModelId
.svelte,function,isInside
.svelte,variable,updateModelsHandler
.svelte,variable,showManageModal
.svelte,svelte_prop,uploadFilesHandler
.svelte,variable,userContext
.svelte,variable,applyTheme
.svelte,variable,result
.svelte,variable,htmlContent
.svelte,svelte_prop,showPreviousMessage
.svelte,variable,inactivityTimeout
.svelte,variable,tokenizer
.svelte,variable,confirmSelectYoutube
.svelte,variable,percentage
.svelte,variable,align
.svelte,variable,offsetY
.svelte,variable,recurseCheckChild
.svelte,svelte_prop,onAddLabel
.svelte,variable,isSafari
.svelte,svelte_prop,onChange
.svelte,variable,checkOauthCallback
.svelte,variable,clipboardItems
.svelte,variable,valves
.svelte,variable,showUsername
.svelte,variable,allowHTML
.svelte,variable,interval
.svelte,variable,nodes
.svelte,variable,largeTextAsFile
.svelte,function,createFileFromText
.svelte,variable,addOpenAIConnectionHandler
.svelte,variable,systemTextareaElement
.svelte,variable,minSize
.svelte,variable,chatObj
.svelte,variable,filteredPrompts
.svelte,variable,edges
.svelte,variable,channelEventHandler
.svelte,variable,textStream
.svelte,variable,submitHandler
.svelte,svelte_prop,isLastMessage
.svelte,svelte_prop,ollama
.svelte,variable,inputValue
.svelte,variable,tikaServerUrl
.svelte,variable,unarchiveAllHandler
.svelte,variable,turndownService
.svelte,variable,textCompletionHandler
.svelte,svelte_prop,showRelevance
.svelte,function,navigateContent
.svelte,svelte_prop,suggestionPrompts
.svelte,variable,addOllamaConnectionHandler
.svelte,variable,attrs
.svelte,variable,pullProgress
.svelte,variable,debounceTimeout
.svelte,variable,confirmEdit
.svelte,variable,parentId
.svelte,variable,exportChats
.svelte,variable,actionIds
.svelte,variable,isFileSystemAccessSupported
.svelte,function,normalizedValue
.svelte,variable,rmsLevel
.svelte,function,initModel
.svelte,svelte_prop,sources
.svelte,variable,comment
.svelte,variable,optionElement
.svelte,variable,modelsImportInputElement
.svelte,variable,header
.svelte,variable,voice
.svelte,variable,handleFirefoxUpload
.svelte,svelte_prop,showUserProfile
.svelte,variable,editedContent
.svelte,variable,createFileFromText
.svelte,function,updateStats
.svelte,variable,editorTheme
.svelte,function,onTouchStart
.svelte,variable,embeddingModel
.svelte,variable,modelFileUrl
.svelte,variable,bUserIndex
.svelte,variable,regenerateButton
.svelte,svelte_prop,name
.svelte,variable,showCreateChannel
.svelte,variable,selectedIdx
.svelte,variable,editorClassName
.svelte,variable,connection
.svelte,variable,_prompt
.svelte,variable,formattedCode
.svelte,variable,themeToApply
.svelte,function,onDragLeave
.svelte,variable,imageGenerationConfig
.svelte,function,themeChangeHandler
.svelte,variable,autocomplete
.svelte,variable,voiceInterruption
.svelte,function,validateCommandString
.svelte,variable,cancelLabel
.svelte,variable,updateBanners
.svelte,variable,promptSuggestions
.svelte,variable,TTS_OPENAI_API_BASE_URL
.svelte,variable,remainingSeconds
.svelte,variable,normalizedValue
.svelte,variable,feedbackLoading
.svelte,variable,prefixId
.svelte,variable,editMessageConfirmHandler
.svelte,variable,system
.svelte,variable,workspaceModels
.svelte,variable,webSearchEnabled
.svelte,function,triggerScroll
.svelte,variable,ENABLE_LDAP
.svelte,variable,initModel
.svelte,variable,bannerId
.svelte,variable,onAddLabel
.svelte,variable,idx
.svelte,variable,notificationEnabled
.svelte,variable,level
.svelte,variable,adminDetails
.svelte,svelte_prop,selectedFileId
.svelte,variable,continueButton
.svelte,variable,updatePasswordHandler
.svelte,svelte_prop,preserveBreaks
.svelte,variable,inputClassName
.svelte,variable,hideHandler
.svelte,variable,hasImageFile
.svelte,variable,dataURL
.svelte,variable,handleOpenAIError
.svelte,variable,chatId
.svelte,variable,suggestion
.svelte,variable,onTouchStart
.svelte,variable,modelTransferring
.svelte,variable,showCreateGroupModal
.svelte,variable,saveChatHandler
.svelte,variable,filterIds
.svelte,variable,allModelIds
.svelte,svelte_prop,run
.svelte,variable,JWTTokenCopied
.svelte,function,playAudio
.svelte,variable,uploadPipelineHandler
.svelte,svelte_prop,nodeTypes
.svelte,function,dismiss
.svelte,variable,toggleHapticFeedback
.svelte,variable,isLastMessage
.svelte,svelte_prop,shiftKey
.svelte,variable,assistantSpeaking
.svelte,function,handleFileChange
.svelte,variable,showSystem
.svelte,variable,deleteUserHandler
.svelte,variable,initHandler
.svelte,variable,deletePrompt
.svelte,variable,inRange
.svelte,svelte_prop,selectedKnowledge
.svelte,variable,processStream
.svelte,variable,onDragLeave
.svelte,variable,setWakeLock
.svelte,variable,themeChangeHandler
.svelte,variable,_messageId
.svelte,function,resize
.svelte,variable,saveSettings
.svelte,variable,success
.svelte,variable,validateCommandString
.svelte,function,cancelEditMessage
.svelte,svelte_prop,exportHandler
.svelte,variable,messageParentId
.svelte,variable,legacy_collections
.svelte,variable,overlayElement
.svelte,variable,mediaStream
.svelte,variable,submitPrompt
.svelte,variable,query
.svelte,variable,triggerScroll
.svelte,variable,showSidepanel
.svelte,variable,handleModernBrowserUpload
.svelte,variable,sources
.svelte,variable,params
.svelte,variable,resultLines
.svelte,variable,toggleRichTextInput
.svelte,variable,screenWidth
.svelte,svelte_prop,outerClassName
.svelte,variable,flattenedEmojis
.svelte,svelte_prop,opacity
.svelte,variable,showPreview
.svelte,variable,confirmed
.svelte,variable,compressedSrc
.svelte,variable,confirmSelectWeb
.svelte,variable,downloadProgress
.svelte,variable,localStorageSettings
.svelte,variable,finishedMessages
.svelte,variable,selectedPipelinesUrlIdx
.svelte,variable,voices
.svelte,variable,aspectRatio
.svelte,svelte_prop,bottomPadding
.svelte,variable,responseContent
.svelte,variable,responseContainer
.svelte,variable,downloadPdf
.svelte,variable,handleMediaQuery
.svelte,variable,onTaskClick
.svelte,variable,modals
.svelte,variable,cellContent
.svelte,svelte_prop,code
.svelte,variable,userAgent
.svelte,variable,tools
.svelte,variable,collections
.svelte,variable,columns
.svelte,variable,showAddTextContentModal
.svelte,variable,playAudio
.svelte,variable,src
.svelte,variable,chunkSize
.svelte,variable,resize
.svelte,variable,pipelines
.svelte,variable,floatingInput
.svelte,svelte_prop,screenCaptureHandler
.svelte,variable,cancelEditMessage
.svelte,variable,TTSModelLoading
.svelte,variable,cameraStream
.svelte,svelte_prop,autoScroll
.svelte,variable,expectedScore
.svelte,variable,analyser
.svelte,variable,copied
.svelte,svelte_prop,attributes
.svelte,variable,stopRecordingCallback
.svelte,variable,modelId
.svelte,variable,adminConfig
.svelte,variable,title
.svelte,variable,floatingButtons
.svelte,svelte_prop,accessControl
.svelte,svelte_prop,capabilities
.svelte,variable,description
.svelte,svelte_prop,token
.svelte,function,closeFloatingButtons
.svelte,variable,modelTag
.svelte,svelte_prop,tagHandler
.svelte,variable,csv
.svelte,variable,selectedModel
.svelte,variable,error
.svelte,variable,sizeToWidth
.svelte,variable,userMessage
.svelte,variable,siblingOffset
.svelte,variable,resizeObserver
.svelte,function,calculateRMS
.svelte,variable,imageCompressionSize
.svelte,variable,nameUpdateHandler
.svelte,variable,dragImage
.svelte,variable,updatedUser
.svelte,function,stopResponse
.svelte,variable,videoId
.svelte,function,updateContent
.svelte,variable,syncDirectoryHandler
.svelte,function,cosineSimilarity
.svelte,svelte_prop,downloadHandler
.svelte,function,processDirectory
.svelte,variable,updateOllamaHandler
.svelte,variable,nodeTypes
.svelte,variable,OPENAI_API_URL
.svelte,svelte_prop,version
.svelte,variable,openaiConfig
.svelte,svelte_prop,key
.svelte,variable,language
.svelte,variable,node
.svelte,variable,durationSeconds
.svelte,variable,_chatId
.svelte,variable,contentExtractionEngine
.svelte,variable,updateAvailable
.svelte,variable,currentUtterance
.svelte,variable,exportHandler
.svelte,variable,eventCallback
.svelte,variable,sendPromptSocket
.svelte,svelte_prop,svg
.svelte,variable,toastContent
.svelte,svelte_prop,save
.svelte,variable,svgBlob
.svelte,variable,distances
.svelte,variable,getModels
.svelte,variable,modelMessages
.svelte,variable,messageContentParts
.svelte,variable,userCount
.svelte,svelte_prop,users
.svelte,variable,showPercentage
.svelte,variable,deleteMessage
.svelte,variable,currentName
.svelte,variable,closeFloatingButtons
.svelte,variable,createAPIKeyHandler
.svelte,variable,opponents
.svelte,variable,toggleResponseAutoPlayback
.svelte,variable,showNextMessage
.svelte,svelte_prop,state
.svelte,svelte_prop,getStartedHandler
.svelte,variable,updateRoleHandler
.svelte,variable,fileInputElement
.svelte,variable,chatIdUnsubscriber
.svelte,variable,speedOptions
.svelte,variable,toggleTitleAutoGenerate
.svelte,svelte_prop,tippyOptions
.svelte,variable,stopResponse
.svelte,variable,TTS_AZURE_SPEECH_REGION
.svelte,variable,isInHeading
.svelte,variable,updateContent
.svelte,variable,cosineSimilarity
.svelte,variable,similarities
.svelte,variable,shareUrl
.svelte,variable,webhookUrl
.svelte,variable,groups
.svelte,function,saveCode
.svelte,variable,chatText
.svelte,variable,querystring
.svelte,variable,showConfigModal
.svelte,variable,indeterminate
.svelte,svelte_prop,showMessage
.svelte,variable,renameHandler
.svelte,variable,deleteHandler
.svelte,variable,collapsible
.svelte,variable,grow
.svelte,function,searchSettings
.svelte,variable,APIKeyCopied
.svelte,variable,messagesLoading
.svelte,variable,feedbackTags
.svelte,variable,_token
.svelte,variable,textareaElement
.svelte,function,arraysEqual
.svelte,svelte_prop,onConfirm
.svelte,variable,templateFound
.svelte,function,calculatePercentage
.svelte,variable,shareHandler
.svelte,variable,toastType
.svelte,variable,fileUploadEnabled
.svelte,variable,autoScroll
.svelte,function,stopDurationCounter
.svelte,variable,metaThemeColor
.svelte,svelte_prop,shareEnabled
.svelte,variable,toggleResponseAutoCopy
.svelte,svelte_prop,admin
.svelte,variable,dispatch
.svelte,variable,initChatHandler
.svelte,variable,token
.svelte,variable,groupedMessageIds
.svelte,svelte_prop,showShortcutsHandler
.svelte,svelte_prop,custom
.svelte,svelte_prop,imageClassName
.svelte,variable,maxLength
.svelte,variable,focusNode
.svelte,variable,items
.svelte,variable,setRerankingConfig
.svelte,svelte_prop,chatIdProp
.svelte,svelte_prop,selectedModels
.svelte,svelte_prop,top
.svelte,variable,group_ids
.svelte,variable,eventDispatch
.svelte,variable,showAccessControlModal
.svelte,function,scrollHandler
.svelte,svelte_prop,theme
.svelte,variable,drawMermaidDiagram
.svelte,svelte_prop,citation
.svelte,function,speakSpeechSynthesisHandler
.svelte,variable,messageList
.svelte,function,calculateShowRelevance
.svelte,variable,signInHandler
.svelte,variable,saveCode
.svelte,variable,_tool
.svelte,variable,downloadHandler
.svelte,variable,similarity
.svelte,svelte_prop,duration
.svelte,variable,STTEngine
.svelte,function,countFiles
.svelte,function,changeDebounceHandler
.svelte,variable,modelSelectorInput
.svelte,variable,scaledRMS
.svelte,variable,perPage
.svelte,variable,searchSettings
.svelte,variable,chatDirection
.svelte,svelte_prop,label
.svelte,variable,fileItem
.svelte,variable,hideModelHandler
.svelte,variable,_content
.svelte,variable,importChatHandler
.svelte,variable,hash
.svelte,function,keydownHandler
.svelte,variable,lowlight
.svelte,variable,memories
.svelte,variable,selectedMemory
.svelte,variable,formatSeconds
.svelte,variable,onboarding
.svelte,variable,onThread
.svelte,variable,exp
.svelte,variable,save
.svelte,svelte_prop,onAddMessages
.svelte,variable,tagEmbeddings
.svelte,variable,messagesCount
.svelte,variable,loadEmbeddingModel
.svelte,function,takeScreenshot
.svelte,svelte_prop,sendPrompt
.svelte,variable,errorText
.svelte,svelte_prop,saveMessage
.svelte,variable,prompt
.svelte,variable,reaction
.svelte,svelte_prop,chatActionHandler
.svelte,variable,fileMaxCount
.svelte,variable,showResetConfirm
.svelte,svelte_prop,codeExecution
.svelte,variable,_functions
.svelte,variable,sumSquares
.svelte,variable,getStartedHandler
.svelte,variable,chatBubble
.svelte,variable,parentMessageId
.svelte,svelte_prop,meta
.svelte,variable,scrollHandler
.svelte,variable,audioContext
.svelte,svelte_prop,eventTarget
.svelte,variable,profileImageUrl
.svelte,variable,filteredModels
.svelte,function,offsetX
.svelte,variable,userMessageId
.svelte,function,selectNextTemplate
.svelte,function,checkPythonCode
.svelte,variable,files
.svelte,variable,monitorAndPlayAudio
.svelte,variable,deleteFileHandler
.svelte,variable,direct
.svelte,variable,mermaidHtml
.svelte,function,shouldShowPercentage
.svelte,variable,changeDebounceHandler
.svelte,variable,modelObject
.svelte,variable,reasons
.svelte,variable,location
.svelte,variable,transparentBackground
.svelte,variable,inputFilesHandler
.svelte,variable,promptsImportInputElement
.svelte,variable,emoji
.svelte,variable,showMessage
.svelte,function,generateId
.svelte,variable,cloneSharedChat
.svelte,variable,show
.svelte,svelte_prop,codeInterpreterEnabled
.svelte,function,handleUploadError
.svelte,variable,togglesScrollOnBranchChange
.svelte,variable,deletePipelineHandler
.svelte,variable,onTouchEnd
.svelte,variable,keydownHandler
.svelte,variable,onDelete
.svelte,function,formattedTitle
.svelte,variable,link
.svelte,variable,selectUp
.svelte,function,getFilteredPrompts
.svelte,variable,savedPrompts
.svelte,variable,outcome
.svelte,variable,takeScreenshot
.svelte,svelte_prop,url
.svelte,variable,addTagHandler
.svelte,function,validateJSON
.svelte,svelte_prop,lang
.svelte,variable,admin
.svelte,function,file
.svelte,variable,feedback
.svelte,variable,profileImageInputElement
.svelte,svelte_prop,devices
.svelte,variable,entryPath
.svelte,svelte_prop,type
.svelte,variable,chatIdProp
.svelte,svelte_prop,mergeResponses
.svelte,variable,ENABLE_OLLAMA_API
.svelte,variable,digest
.svelte,variable,page
.svelte,variable,queryEmbedding
.svelte,variable,chatFinishHandler
.svelte,svelte_prop,actions
.svelte,svelte_prop,ollamaConfig
.svelte,variable,cssContent
.svelte,variable,editMessageHandler
.svelte,variable,samplers
.svelte,variable,cloneModelHandler
.svelte,variable,pinHandler
.svelte,variable,messageChildrenIds
.svelte,variable,actionMessage
.svelte,variable,showConnectionModal
.svelte,svelte_prop,scrollEnd
.svelte,variable,generateId
.svelte,variable,updateInterfaceHandler
.svelte,function,updateProgress
.svelte,variable,maxSimilarity
.svelte,variable,showImagePreview
.svelte,variable,handleUploadError
.svelte,variable,onEdit
.svelte,svelte_prop,typingUsers
.svelte,variable,dismissedUpdateToast
.svelte,variable,draggedOver
.svelte,svelte_prop,searchEnabled
.svelte,function,exportTableToCSVHandler
.svelte,variable,urlModels
.svelte,variable,index
.svelte,variable,plainText
.svelte,function,onDragEnd
.svelte,variable,showModelSelector
.svelte,variable,getFilteredPrompts
.svelte,variable,OPENAI_API_KEYS
.svelte,variable,childrenIds
.svelte,variable,mergeResponsesHandler
.svelte,function,createLabel
.svelte,variable,count
.svelte,variable,onAddMessages
.svelte,variable,previewElement
.svelte,variable,validateJSON
.svelte,variable,isExpandedUpdateHandler
.svelte,variable,file
.svelte,variable,customFieldValue
.svelte,function,verifyHandler
.svelte,function,messageHandler
.svelte,variable,responseDone
.svelte,svelte_prop,valvesSpec
.svelte,svelte_prop,alt
.svelte,variable,selectedPipelineIdx
.svelte,variable,LDAP_SERVER
.svelte,variable,cloneHandler
.svelte,variable,meta
.svelte,variable,filteredTags
.svelte,variable,redirectPath
.svelte,variable,folders
.svelte,variable,timezone
.svelte,variable,_code
.svelte,function,isTopModal
.svelte,variable,eventTarget
.svelte,variable,editMessage
.svelte,variable,editChatTitle
.svelte,variable,models
.svelte,variable,selected
.svelte,variable,createModelHandler
.svelte,variable,hasSound
.svelte,variable,dismissible
.svelte,variable,OPENAI_API_KEY
.svelte,svelte_prop,imageUrls
.svelte,variable,initFolders
.svelte,svelte_prop,side
.svelte,variable,updateProgress
.svelte,variable,documentClickHandler
.svelte,variable,showDefaultPermissionsModal
.svelte,variable,displayMode
.svelte,variable,exportTableToCSVHandler
.svelte,variable,requestFormat
.svelte,svelte_prop,item
.svelte,variable,fileMaxSize
.svelte,variable,modelFileDigest
.svelte,variable,deleteModelTag
.svelte,svelte_prop,onClick
.svelte,variable,searchData
.svelte,variable,getEmbeddings
.svelte,variable,getVideoInputDevices
.svelte,svelte_prop,history
.svelte,variable,filtered
.svelte,variable,url
.svelte,variable,enabled
.svelte,svelte_prop,isFirstMessage
.svelte,variable,_value
.svelte,variable,contentType
.svelte,variable,permissions
.svelte,variable,verifyHandler
.svelte,variable,messageHandler
.svelte,svelte_prop,tokens
.svelte,variable,initNewChat
.svelte,variable,uploadFileHandler
.svelte,svelte_prop,editHandler
.svelte,svelte_prop,continueResponse
.svelte,svelte_prop,banner
.svelte,variable,showAPIKeys
.svelte,variable,evaluationConfig
.svelte,variable,type
.svelte,svelte_prop,sessionUser
.svelte,variable,domainData
.svelte,function,onAttributesUpdate
.svelte,variable,exportAllUserChats
.svelte,variable,mergeResponses
.svelte,variable,youtubeTranslation
.svelte,variable,loadMoreMessages
.svelte,function,handleKeyDown
.svelte,variable,showDeleteConfirm
.svelte,variable,unescapedOutput
.svelte,variable,isTopModal
.svelte,variable,regex
.svelte,variable,showRateComment
.svelte,variable,toggleNotification
.svelte,svelte_prop,folderId
.svelte,svelte_prop,pipeline
.svelte,variable,setupSocket
.svelte,variable,richTextInput
.svelte,variable,chunkOverlap
.svelte,function,handleVisibilityChange
.svelte,svelte_prop,group
.svelte,svelte_prop,small
.svelte,function,startDurationCounter
.svelte,variable,ldapConfig
.svelte,variable,audioStreamSource
.svelte,variable,getTags
.svelte,variable,chatStartHandler
.svelte,variable,right
.svelte,variable,objectUrl
.svelte,function,calculateMaxSimilarity
.svelte,variable,showConfirm
.svelte,function,onMouseDown
.svelte,variable,APIKey
.svelte,variable,tagEventHandler
.svelte,variable,boilerplate
.svelte,variable,toggleSpeakMessage
.svelte,variable,enableFullContent
.svelte,svelte_prop,showDocsHandler
.svelte,variable,raw
.svelte,variable,textCompletionAreaElement
.svelte,variable,pinned
.svelte,variable,packages
.svelte,svelte_prop,saveHandler
.svelte,variable,transcript
.svelte,variable,value
.svelte,svelte_prop,data
.svelte,svelte_prop,disabled
.svelte,variable,taskConfig
.svelte,variable,res
.svelte,variable,sourceButton
.svelte,svelte_prop,containerClassName
.svelte,variable,typingUsersTimeout
.svelte,variable,_inputFiles
.svelte,variable,getUrlPromise
.svelte,variable,modelA
.svelte,variable,exportChatsHandler
.svelte,variable,currentStats
.svelte,variable,chats
.svelte,variable,OpenAIKey
.svelte,variable,accessRoles
.svelte,variable,touch
.svelte,variable,handleVisibilityChange
.svelte,variable,uploadWeb
.svelte,svelte_prop,required
.svelte,variable,userSettings
.svelte,variable,shareLocalChat
.svelte,variable,side
.svelte,variable,startDurationCounter
.svelte,variable,_audioChunks
.svelte,variable,addFileHandler
.svelte,svelte_prop,overlay
.svelte,variable,existingCodeExecutionIndex
.svelte,variable,selectedFilterIds
.svelte,svelte_prop,modelIds
.svelte,variable,loading
.svelte,function,onKeyDown
.svelte,variable,downloading
.svelte,variable,collection_files
.svelte,svelte_prop,chatFiles
.svelte,variable,modelUploadInputElement
.svelte,function,searchDebounceHandler
.svelte,variable,stdoutLines
.svelte,variable,createFolder
.svelte,variable,nodeList
.svelte,variable,eventConfirmationInputPlaceholder
.svelte,variable,fileData
.svelte,svelte_prop,onReaction
.svelte,variable,uploaded
.svelte,variable,checkPinned
.svelte,variable,content
.svelte,svelte_prop,onSubmit
.svelte,variable,detailedRating
.svelte,svelte_prop,createMessagePair
.svelte,variable,enableGoogleDriveIntegration
.svelte,variable,colorClassName
.svelte,svelte_prop,preset
.svelte,variable,OPENAI_API_BASE_URLS
.svelte,svelte_prop,memory
.svelte,svelte_prop,messages
.svelte,variable,editHandler
.svelte,variable,selectedPromptIdx
.svelte,variable,normB
.svelte,variable,readOnly
.svelte,variable,stopRecording
.svelte,variable,height
.svelte,variable,filters
.svelte,variable,PIPELINES_LIST
.svelte,variable,tempId
.svelte,function,getOrDefaultStats
.svelte,variable,pdfExtractImages
.svelte,variable,chatListLoading
.svelte,variable,showResetUploadDirConfirm
.svelte,function,onSelectGroup
.svelte,variable,swipeDistance
.svelte,variable,selectedContentIdx
.svelte,variable,selectedTool
.svelte,svelte_prop,config
.svelte,variable,clipboardText
.svelte,svelte_prop,onAdd
.svelte,variable,group
.svelte,variable,archiveAllChatsHandler
.svelte,variable,fullPrompt
.svelte,variable,addTag
.svelte,variable,nonLocalVoices
.svelte,variable,STT_WHISPER_MODEL_LOADING
.svelte,variable,upsertModelHandler
.svelte,variable,toggleChangeChatDirection
.svelte,variable,onKeyDown
.svelte,variable,codeExecutions
.svelte,variable,TTS_AZURE_SPEECH_OUTPUT_FORMAT
.svelte,variable,imageGenerationEnabled
.svelte,variable,youtubeProxyUrl
.svelte,variable,searchDebounceHandler
.svelte,variable,rows
.svelte,variable,widescreenMode
.svelte,variable,chatInputElement
.svelte,svelte_prop,stickyButtonsClassName
.svelte,variable,getChatAsText
.svelte,variable,blob
.svelte,variable,verifyOpenAIHandler
.svelte,variable,bom
.svelte,function,closeHandler
.svelte,variable,titleAutoGenerate
.svelte,variable,processing
.svelte,variable,exportModelHandler
.svelte,variable,html
.svelte,variable,setGroups
.svelte,variable,visualizerData
.svelte,variable,regenerateResponse
.svelte,svelte_prop,addMessages
.svelte,variable,setSessionUser
.svelte,variable,OLLAMA_API_CONFIGS
.svelte,variable,showDropdown
.svelte,svelte_prop,className
.svelte,variable,tagName
.svelte,variable,modelSelectorButton
.svelte,variable,inlineHtml
.svelte,function,selectEmoji
.svelte,variable,prompts
.svelte,variable,range
.svelte,variable,newMessages
.svelte,variable,STT_ENGINE
.svelte,variable,open
.svelte,variable,TTS_MODEL
.svelte,svelte_prop,thread
.svelte,variable,embeddingConfig
.svelte,variable,now
.svelte,variable,onSelectGroup
.svelte,function,detectSound
.svelte,variable,_responses
.svelte,variable,archiveChatHandler
.svelte,variable,showSettings
.svelte,variable,uploadedFile
.svelte,variable,model
.svelte,variable,DISLIKE_REASONS
.svelte,variable,modelIds
.svelte,variable,responseAutoPlayback
.svelte,variable,uploadGoogleDriveHandler
.svelte,svelte_prop,parentDragged
.svelte,function,updateSelectedCodeExecution
.svelte,svelte_prop,role
.svelte,function,getContents
.svelte,variable,isInList
.svelte,variable,EMBEDDING_MODEL
.svelte,variable,imageCompression
.svelte,variable,closeHandler
.svelte,variable,searchContainer
.svelte,svelte_prop,onSourceClick
.svelte,variable,edit
.svelte,variable,backgroundImageUrl
.svelte,variable,onReaction
.svelte,variable,stats
.svelte,variable,codeBlocks
.svelte,variable,speakingIdx
.svelte,svelte_prop,sourceIds
.svelte,variable,createMessagePair
.svelte,variable,editButton
.svelte,variable,width
.svelte,function,findNextTemplate
.svelte,variable,importFiles
.svelte,variable,textAreaElement
.svelte,variable,updatedKnowledge
.svelte,variable,toggleVoiceInterruption
.svelte,variable,addHandler
.svelte,svelte_prop,onBack
.svelte,svelte_prop,toggleGlobalHandler
.svelte,variable,updateLdapServerHandler
.svelte,function,setContent
.svelte,variable,showEditUserModal
.svelte,variable,newValue
.svelte,svelte_prop,scrollToBottom
.svelte,variable,accessGroups
.svelte,variable,confirmSelect
.svelte,variable,offset
.svelte,variable,detectSound
.svelte,variable,startCamera
.svelte,variable,toggleImageCompression
.svelte,variable,nodesInitialized
.svelte,variable,imageUrl
.svelte,variable,workspaceContainer
.svelte,variable,showTemporaryChatControl
.svelte,variable,showDeleteConfirmDialog
.svelte,variable,textArea
.svelte,variable,selection
.svelte,variable,notificationSound
.svelte,variable,loadingProgress
.svelte,variable,updateSelectedCodeExecution
.svelte,variable,commandsContainerElement
.svelte,variable,stdout
.svelte,variable,themes
.svelte,variable,STT_DEEPGRAM_API_KEY
.svelte,variable,getContents
.svelte,svelte_prop,cloneChatHandler
.svelte,variable,triggerClassName
.svelte,function,isDifferentChat
.svelte,variable,selectedMessageId
.svelte,variable,showValvesModal
.svelte,variable,csvData
.svelte,svelte_prop,tags
.svelte,variable,channel
.svelte,function,onModelSelect
.svelte,variable,addScrollListener
.svelte,variable,saveDefaultModel
.svelte,variable,lastMessageContentPart
.svelte,variable,folderList
.svelte,variable,maxVisibleItems
.svelte,variable,fuse
.svelte,variable,showUpdateToast
.svelte,variable,formElement
.svelte,variable,container
.svelte,variable,chatCompletionHandler
.svelte,variable,TTSModel
.svelte,svelte_prop,shiftEnter
.svelte,variable,setContent
.svelte,variable,citations
.svelte,svelte_prop,words
.svelte,variable,splitLargeChunks
.svelte,variable,chatTitle
.svelte,variable,uploadDirectoryHandler
.svelte,variable,command
.svelte,variable,message
.svelte,variable,resizeSystemTextarea
.svelte,variable,functionsImportInputElement
.svelte,variable,speaking
.svelte,variable,chat
.svelte,variable,showUserChatsModal
.svelte,variable,userIds
.svelte,variable,updatedMessage
.svelte,svelte_prop,size
.svelte,svelte_prop,input
.svelte,variable,legacy_documents
.svelte,variable,stopVideoStream
.svelte,variable,search
.svelte,variable,isInCodeBlock
.svelte,variable,OLLAMA_BASE_URLS
.svelte,variable,isDifferentChat
.svelte,function,updateValue
.svelte,variable,onModelSelect
.svelte,svelte_prop,placement
.svelte,variable,audioChunks
.svelte,variable,isDarkMode
.svelte,variable,getLang
.svelte,variable,askHandler
.svelte,variable,TTS_OPENAI_API_KEY
.svelte,variable,messageId
.svelte,variable,toggleEmojiInCall
.svelte,svelte_prop,messageInput
.svelte,variable,tab
.svelte,variable,mouseOver
.svelte,variable,hasStartedSpeaking
.svelte,variable,messageElement
.svelte,variable,engines
.svelte,svelte_prop,onLoad
.svelte,svelte_prop,status
.svelte,variable,uploadFilesHandler
.svelte,svelte_prop,searchPlaceholder
.svelte,variable,ollamaModels
.svelte,variable,videoInputDevices
.svelte,svelte_prop,dragAndDrop
.svelte,variable,mode
.svelte,variable,showPreviousMessage
.svelte,variable,updateModelId
.svelte,function,unescapeHtml
.svelte,variable,onChange
.svelte,function,iframeLoadHandler
.svelte,svelte_prop,inputPlaceholder
.svelte,variable,modelListElement
.svelte,function,querystringValue
.svelte,variable,embeddings
.svelte,variable,getValves
.svelte,variable,selectedTab
.svelte,svelte_prop,tabs
.svelte,variable,directConnectionsConfig
.svelte,variable,selectedUrlIdx
.svelte,function,downloadImage
.svelte,variable,children
.svelte,variable,audioAbortController
.svelte,variable,email
.svelte,svelte_prop,submitMessage
.svelte,function,saveSessionSelectedModels
.svelte,function,onBlur
.svelte,variable,onMessageHandler
.svelte,variable,selectedTheme
.svelte,variable,rerankingModelUpdateHandler
.svelte,variable,showTikaServerUrl
.svelte,variable,updateValue
.svelte,variable,ollama
.svelte,variable,editModelHandler
.svelte,variable,childMessageIds
.svelte,variable,_function
.svelte,variable,tags
.svelte,variable,showRelevance
.svelte,variable,suggestionPrompts
.svelte,variable,initChannels
.svelte,svelte_prop,placeholder
.svelte,variable,modelFileContent
.svelte,variable,base_model
.svelte,variable,chatInputContainerElement
.svelte,variable,settingsTabsContainer
.svelte,svelte_prop,user
.svelte,variable,banners
.svelte,variable,checkForVersionUpdates
.svelte,function,downloadAsSVG
.svelte,function,onResize
.svelte,variable,customFieldName
.svelte,variable,unescapeHtml
.svelte,function,getRelevanceColor
.svelte,variable,messageToDelete
.svelte,variable,iframeLoadHandler
.svelte,svelte_prop,atSelectedModel
.svelte,variable,schedulers
.svelte,variable,messagesContainerElement
.svelte,variable,updateEmbeddingModelLoading
.svelte,variable,querystringValue
.svelte,svelte_prop,selectedActionIds
.svelte,variable,showUserProfile
.svelte,variable,downloadImage
.svelte,variable,filteredUsers
.svelte,variable,debounceSubmitHandler
.svelte,variable,addPipelineHandler
.svelte,variable,saveSessionSelectedModels
.svelte,variable,dragged
.svelte,variable,normA
.svelte,variable,dismiss
.svelte,variable,isShiftPressed
.svelte,variable,changeA
.svelte,variable,name
.svelte,variable,VISUALIZER_BUFFER_LENGTH
.svelte,variable,embeddingModelUpdateHandler
.svelte,variable,fileId
.svelte,variable,toggleRequestFormat
.svelte,variable,halfScreenWidth
.svelte,variable,initChatList
.svelte,svelte_prop,valves
.svelte,variable,downloadAsSVG
.svelte,svelte_prop,allowHTML
.svelte,variable,onResize
.svelte,variable,TTSEngine
.svelte,variable,RAG_FULL_CONTEXT
.svelte,svelte_prop,nodes
.svelte,svelte_prop,largeTextAsFile
.svelte,variable,responses
.svelte,variable,chunk
.svelte,variable,toggleWidescreenMode
.svelte,variable,emojiCache
.svelte,variable,toggleLandingPageMode
.svelte,variable,uploadInputElement
.svelte,variable,pipelineUploadInputElement
.svelte,variable,camera
.svelte,svelte_prop,edges
.svelte,variable,sortedPrompts
.svelte,variable,showArchiveConfirm
.svelte,function,isExpandedUpdateDebounceHandler
.svelte,svelte_prop,inputValue
.svelte,variable,sharedChat
.svelte,variable,_isDarkMode
.svelte,variable,systemTheme
.svelte,variable,template
.svelte,variable,inputPlaceholder
.svelte,variable,selectedFileId
.svelte,variable,preserveBreaks
.svelte,variable,time
.svelte,function,onDrag
.svelte,variable,currentMessageId
.svelte,variable,submitMessage
.svelte,variable,uploadYoutubeTranscription
.svelte,variable,TTS_ENGINE
.svelte,variable,run
.svelte,variable,TTS_VOICE
.svelte,variable,loadingLeaderboard
.svelte,variable,showCitationModal
.svelte,variable,model_id
.svelte,variable,shiftKey
.svelte,function,getDomain
.svelte,variable,selectedKnowledge
.svelte,variable,handled
.svelte,variable,cancelModelPullHandler
.svelte,variable,placeholder
.svelte,variable,loaded
.svelte,variable,outOfRange
.svelte,function,updateButtonPosition
.svelte,variable,selectedModelId
.svelte,variable,bufferLength
.svelte,variable,errorMessage
.svelte,variable,OpenAIUrl
.svelte,variable,selectedChatId
.svelte,variable,lastPlayedAudioPromise
.svelte,svelte_prop,color
.svelte,variable,selectedModelIdx
.svelte,variable,generateImage
.svelte,variable,showManifestModal
.svelte,variable,outerClassName
.svelte,variable,calculateRMS
.svelte,variable,opacity
.svelte,variable,atSelectedModel
.svelte,variable,chatInput
.svelte,svelte_prop,editorClassName
.svelte,function,onDrop
.svelte,svelte_prop,connection
.svelte,variable,dirHandle
.svelte,variable,commandElement
.svelte,variable,TTS_SPLIT_ON
.svelte,variable,bottomPadding
.svelte,variable,downloadTxt
.svelte,svelte_prop,cancelLabel
.svelte,variable,shareChat
.svelte,variable,signUpHandler
.svelte,variable,chatItems
.svelte,variable,modelOrderList
.svelte,variable,floatingInputValue
.svelte,variable,uploadedFiles
.svelte,variable,showEditChannelModal
.svelte,variable,_files
.svelte,svelte_prop,recording
.svelte,variable,youtubeLanguage
.svelte,variable,code
.svelte,svelte_prop,webSearchEnabled
.svelte,variable,toggleShowUsername
.svelte,variable,edgeList
.svelte,variable,screenCaptureHandler
.svelte,variable,inlineJs
.svelte,variable,newFilteredPrompts
.svelte,svelte_prop,idx
.svelte,variable,deleteAllChatsHandler
.svelte,variable,updateButtonPosition
.svelte,svelte_prop,inputClassName
.svelte,svelte_prop,hideHandler
.svelte,variable,attributes
.svelte,svelte_prop,chatId
.svelte,variable,toolIds
.svelte,variable,accessControl
.svelte,variable,capabilities
.svelte,variable,fetchAudio
.svelte,variable,selectedText
.svelte,variable,tagHandler
.svelte,variable,pipelineDownloadUrl
.svelte,variable,removeScrollListener
.svelte,variable,newConfig
.svelte,variable,_user
.svelte,variable,OllamaUrl
.svelte,function,analyseAudio
.svelte,variable,onDrop
.svelte,variable,rawAudio
.svelte,variable,pyodideWorker
.svelte,svelte_prop,initHandler
.svelte,variable,rerankingModel
.svelte,svelte_prop,feedbacks
.svelte,svelte_prop,saveSettings
.svelte,variable,editorLanguage
.svelte,variable,importChats
.svelte,variable,toolsImportInputElement
.svelte,variable,getUserValves
.svelte,variable,showModal
.svelte,svelte_prop,submitPrompt
.svelte,svelte_prop,deleteTag
.svelte,svelte_prop,triggerScroll
.svelte,variable,urlParams
.svelte,variable,version
.svelte,variable,lastWord
.svelte,variable,key
.svelte,variable,STT_WHISPER_MODEL
.svelte,svelte_prop,params
.svelte,variable,uploadModelHandler
.svelte,variable,lines
.svelte,variable,diff
.svelte,variable,_chat
.svelte,variable,explainHandler
.svelte,variable,_src
.svelte,variable,hapticFeedback
.svelte,variable,stopDurationCounter
.svelte,variable,workspaceModel
.svelte,variable,svg
.svelte,variable,speak
.svelte,variable,dropzoneElement
.svelte,variable,eventConfirmationMessage
.svelte,variable,stderr
.svelte,variable,users
.svelte,variable,generatingImage
.svelte,function,processFrame
.svelte,variable,selectedFunction
.svelte,svelte_prop,onTaskClick
.svelte,variable,grandchildrenIds
.svelte,svelte_prop,tools
.svelte,variable,color
.svelte,svelte_prop,collections
.svelte,variable,feedbackHandler
.svelte,variable,voiceInput
.svelte,variable,state
.svelte,variable,position
.svelte,variable,layerWidths
.svelte,variable,allChatsLoaded
.svelte,variable,analyseAudio
.svelte,svelte_prop,src
.svelte,variable,startRecording
.svelte,variable,knowledgeBases
.svelte,variable,groupedMessageIdsIdx
.svelte,variable,tippyOptions
.svelte,variable,webSearch
.svelte,variable,speakSpeechSynthesisHandler
.svelte,variable,text
.svelte,variable,modelMessageIds
.svelte,variable,recording
.svelte,svelte_prop,modelId
.svelte,svelte_prop,title
.svelte,variable,showChangelog
.svelte,variable,orderedSet
.svelte,svelte_prop,floatingButtons
.svelte,variable,emojis
.svelte,svelte_prop,description
.svelte,variable,taskId
.svelte,variable,onConfirm
.svelte,variable,keepAlive
.svelte,variable,formatPythonCodeHandler
.svelte,function,onKeyUp
.svelte,variable,hasEmptyModel
.svelte,variable,selectedReason
.svelte,variable,sceneParentElement
.svelte,variable,asyncFunction
.svelte,variable,hasImages
.svelte,variable,processFrame
.svelte,variable,shareEnabled
.svelte,variable,copyCode
.svelte,variable,tagElement
.svelte,svelte_prop,buttonClassName
.svelte,variable,showShortcutsHandler
.svelte,variable,custom
.svelte,variable,imageClassName
.svelte,variable,highlightedCode
.svelte,variable,csvContent
.svelte,variable,ENABLE_OPENAI_API
.svelte,variable,loadKokoro
.svelte,variable,selectedModels
.svelte,variable,top
.svelte,variable,loaderElement
.svelte,variable,feedbacks
.svelte,variable,theme
.svelte,variable,offsetX
.svelte,variable,tool
.svelte,variable,word
.svelte,variable,_boilerplate
.svelte,variable,checkPythonCode
.svelte,variable,isFocused
.svelte,variable,extensions
.svelte,variable,newChatList
.svelte,variable,duration
.svelte,svelte_prop,getModels
.svelte,svelte_prop,generateAutoCompletion
.svelte,variable,showSyncConfirmModal
.svelte,svelte_prop,showPercentage
.svelte,variable,deleteTag
.svelte,svelte_prop,deleteMessage
.svelte,variable,createModelName
.svelte,variable,shareModelHandler
.svelte,variable,video
.svelte,variable,label
.svelte,variable,createModelDigest
.svelte,variable,ollamaVersion
.svelte,svelte_prop,showNextMessage
.svelte,function,sizeToWidth
.svelte,variable,decoder
.svelte,variable,_id
.svelte,variable,debouncedQueryHandler
.svelte,variable,onKeyUp
.svelte,variable,showEventConfirmation
.svelte,variable,instance
.svelte,function,onFocus
.svelte,svelte_prop,hide
.svelte,variable,reader
.svelte,svelte_prop,stopResponse
.svelte,variable,weekday
.svelte,variable,sendPrompt
.svelte,variable,setLanguage
.svelte,variable,defaultPermissions
.svelte,variable,valves_spec
.svelte,variable,saveMessage
.svelte,variable,popupElement
.svelte,variable,imageConfigRes
.svelte,variable,MIN_DECIBELS
.svelte,variable,chatActionHandler
.svelte,variable,startVideoStream
.svelte,variable,selectedImageIdx
.svelte,variable,codeExecution
.svelte,svelte_prop,indeterminate
.svelte,variable,userMessageElement
.svelte,svelte_prop,renameHandler
.svelte,svelte_prop,urlIdx
.svelte,svelte_prop,deleteHandler
.svelte,svelte_prop,collapsible
.svelte,svelte_prop,grow
.svelte,variable,_source
.svelte,variable,contents
.svelte,variable,updateRerankingModelLoading
.svelte,svelte_prop,selectedToolIds
.svelte,variable,domain
.svelte,variable,dropZone
.svelte,variable,toggleAutoTags
.svelte,variable,ROW_HEIGHT
.svelte,svelte_prop,shareHandler
.svelte,variable,totalFiles
.svelte,variable,pullModelHandler
.svelte,variable,messageEditTextAreaElement
.svelte,variable,selectedCodeExecution
.svelte,variable,codeInterpreterEnabled
.svelte,variable,modelStats
.svelte,variable,webSearchEngines
.svelte,variable,chatEventHandler
.svelte,svelte_prop,items
.svelte,variable,responseAutoCopy
.svelte,variable,selectedItem
.svelte,variable,scanDirLoading
.svelte,variable,audio
.svelte,variable,onDragEnd
.svelte,variable,statsB
.svelte,variable,endPos
.svelte,function,detectMobile
.svelte,variable,OllamaKey
.svelte,variable,onFocus
.svelte,variable,drawFlow
.svelte,variable,i18n
.svelte,svelte_prop,strokeWidth
.svelte,variable,lang
.svelte,variable,searchValue
.svelte,variable,buttonClassName
.svelte,variable,devices
.svelte,variable,focused
.svelte,variable,ids
.svelte,svelte_prop,perPage
.svelte,variable,tempItemId
.svelte,variable,showButtons
.svelte,variable,loadChat
.svelte,variable,changeB
.svelte,variable,actions
.svelte,variable,options
.svelte,variable,hasImageItem
.svelte,variable,ollamaConfig
.svelte,variable,stopResponseFlag
.svelte,svelte_prop,onThread
.svelte,variable,generateAutoCompletion
.svelte,variable,scrollEnd
.svelte,variable,sortable
.svelte,svelte_prop,prompt
.svelte,variable,audioCache
.svelte,variable,typingUsers
.svelte,variable,toggleWebSearch
.svelte,variable,searchEnabled
.svelte,function,calculateEloChange
.svelte,variable,_item
.svelte,variable,chatStreaming
.svelte,variable,from
.svelte,variable,password
.svelte,variable,loadMoreChats
.svelte,variable,getChatEventEmitter
.svelte,variable,detectMobile
.svelte,variable,userLocation
.svelte,variable,hide
.svelte,variable,OPENAI_API_CONFIGS
.svelte,variable,responseMessageIds
.svelte,variable,landingPageMode
.svelte,svelte_prop,files
.svelte,variable,changelog
.svelte,svelte_prop,direct
.svelte,variable,updateHandler
.svelte,variable,commandOptionButton
.svelte,variable,getVoices
.svelte,variable,valvesSpec
.svelte,variable,alt
.svelte,variable,onAttributesUpdate
.svelte,svelte_prop,transparentBackground
.svelte,svelte_prop,inputFilesHandler
.svelte,variable,toggleShowChangelog
.svelte,variable,handleKeyDown
.svelte,svelte_prop,show
.svelte,variable,urlIdx
.svelte,variable,deleteMessageHandler
.svelte,variable,TTS_API_KEY
.svelte,variable,newPasswordConfirm
.svelte,function,normalizeRMS
.svelte,variable,audioBlob
.svelte,variable,patterns
.svelte,variable,dateTime
.svelte,svelte_prop,onDelete
.svelte,variable,selectedToolIds
.svelte,variable,clipboardData
.svelte,variable,updateDefaultPermissionsHandler
.svelte,function,formatSeconds
.svelte,variable,imageUrls
.svelte,variable,transcribeHandler
.svelte,variable,showEditMemoryModal
.svelte,variable,addConnectionHandler
.svelte,variable,selectedId
.svelte,variable,showAdvanced
.svelte,variable,calculateMaxSimilarity
.svelte,variable,mergedDocuments
.svelte,variable,onMouseDown
.svelte,variable,item
.svelte,variable,response
.svelte,variable,uploading
.svelte,function,setSortKey
.svelte,variable,chatSearch
.svelte,variable,API_CONFIG
.svelte,variable,onClick
.svelte,variable,wakeLock
.svelte,function,onDragStart
.svelte,variable,deleteFeedbackHandler
.svelte,variable,createdAtTimestamp
.svelte,svelte_prop,page
.svelte,variable,chatCompletionEventHandler
.svelte,variable,history
.svelte,svelte_prop,selectedUser
.svelte,svelte_prop,siblings
.svelte,variable,isFirstMessage
.svelte,variable,strokeWidth
.svelte,variable,showDownloadChatModal
.svelte,variable,tokens
.svelte,variable,continueResponse
.svelte,function,saveHandler
.svelte,variable,banner
.svelte,variable,requiredWorkflowNodes
.svelte,svelte_prop,actionMessage
.svelte,variable,STT_OPENAI_API_KEY
.svelte,variable,sessionUser
.svelte,svelte_prop,onEdit
.svelte,variable,normalizeRMS
.svelte,variable,navElement
.svelte,variable,showShareChatModal
.svelte,function,onTouchEnd
.svelte,variable,pipeline
.svelte,function,showFullScreen
.svelte,variable,mergedResponse
.svelte,variable,endIndex
.svelte,variable,showAddOpenAIConnectionModal
.svelte,svelte_prop,showModelSelector
.svelte,function,selectUp
.svelte,svelte_prop,count
.svelte,variable,_feedbacks
.svelte,svelte_prop,showSetDefault
.svelte,variable,small
.svelte,svelte_prop,showButtonClassName
.svelte,variable,sanitizedModelTag
.svelte,variable,selectedModelIds
.svelte,variable,showTagInput
.svelte,variable,onDragStart
.svelte,variable,createModelLoading
.svelte,svelte_prop,cloneHandler
.svelte,variable,showResetModal
.svelte,variable,saved
.svelte,svelte_prop,folders
.svelte,variable,conversationMode
.svelte,function,headerComponent
.svelte,variable,ldapUsername
.svelte,variable,showDocsHandler
.svelte,svelte_prop,onUpdate
.svelte,variable,toggleChatBubble
.svelte,svelte_prop,editMessage
.svelte,variable,dotProduct
.svelte,variable,_filters
.svelte,svelte_prop,models
.svelte,variable,MAX_PARALLEL_DOWNLOADS
.svelte,variable,existingSource
.svelte,variable,newPassword
.svelte,variable,STT_MODEL
.svelte,svelte_prop,selected
.svelte,variable,showAddOllamaConnectionModal
.svelte,svelte_prop,dismissible
.svelte,variable,confirmPrompt
.svelte,variable,saveHandler
.svelte,variable,modelList
.svelte,variable,toggleNotificationSound
.svelte,variable,stopAllAudio
.svelte,variable,data
.svelte,variable,showEmojiInCall
.svelte,variable,disabled
.svelte,variable,showValves
.svelte,variable,fileContent
.svelte,svelte_prop,displayMode
.svelte,function,onMouseUp
.svelte,variable,containerClassName
.svelte,variable,classNames
.svelte,variable,showFullScreen
.svelte,variable,aUserIndex
.svelte,variable,inputFiles
.svelte,variable,baseModel
.svelte,variable,updateConfigHandler
.svelte,variable,loadingSpeech
.svelte,variable,required
.svelte,variable,overlay
.svelte,variable,showModel
.svelte,variable,rerankingConfig
.svelte,svelte_prop,permissions
.svelte,variable,unarchiveChatHandler
.svelte,variable,enable
.svelte,variable,containerElement
.svelte,variable,xOffset
.svelte,svelte_prop,initNewChat
.svelte,variable,pythonSyntax
.svelte,variable,chatFiles
.svelte,variable,tracks
.svelte,variable,setPipelines
.svelte,variable,interrupted
.svelte,variable,verifyOllamaHandler
.svelte,variable,metadata
.svelte,svelte_prop,updateChat
.svelte,variable,chatContent
.svelte,variable,updateOpenAIHandler
.svelte,variable,headerComponent
.svelte,variable,rankHandler
.svelte,variable,codeBlockContents
.svelte,variable,textSplitter
.svelte,variable,selectedUser
.svelte,variable,onSubmit
.svelte,variable,render
.svelte,variable,filteredOptions
.svelte,variable,loadSharedChat
.svelte,variable,currentRow
.svelte,variable,deleteModelHandler
.svelte,variable,preset
.svelte,variable,_actions
.svelte,variable,memory
.svelte,variable,messages
.svelte,function,addModelHandler
.svelte,function,updateCode
.svelte,variable,largeScreen
.svelte,variable,createModelObject
.svelte,variable,knowledge
.svelte,variable,addGroupHandler
.svelte,variable,baseModels
.svelte,variable,sttModelUpdateHandler
.svelte,function,documentClickHandler
.svelte,variable,ctx
.svelte,variable,scrollOnBranchChange
.svelte,variable,onMouseUp
.svelte,variable,stream
.svelte,svelte_prop,dismissed
.svelte,variable,saving
.svelte,variable,showAddModel
.svelte,variable,inputElement
.svelte,variable,sourcesCollapsible
.svelte,variable,allTags
.svelte,variable,currentParentId
.svelte,variable,pos
.svelte,svelte_prop,boilerplate
.svelte,variable,config
.svelte,function,selectDown
.svelte,variable,onAdd
.svelte,variable,isEnterPressed
.svelte,variable,LIKE_REASONS
.svelte,variable,showSetDefault
.svelte,variable,fileResponse
.svelte,svelte_prop,raw
.svelte,svelte_prop,onClose
.svelte,function,selectTemplate
.svelte,variable,showButtonClassName
.svelte,svelte_prop,manifest
.svelte,svelte_prop,value
.svelte,variable,isCmdOrCtrlPressed
.svelte,variable,levelOffset
.svelte,variable,speechAutoSend
.svelte,variable,stickyButtonsClassName
.svelte,variable,buttonsContainerElement
.svelte,variable,newChatButton
.svelte,variable,deleteChatHandler
.svelte,variable,executePython
.svelte,variable,STT_OPENAI_API_BASE_URL
.svelte,variable,onUpdate
.svelte,variable,feedbackItem
.svelte,svelte_prop,accessRoles
.svelte,variable,browserLanguages
.svelte,svelte_prop,touch
.svelte,variable,canvas
.svelte,variable,addModelHandler
.svelte,variable,spaceOnRight
.svelte,variable,updateCode
.svelte,variable,addMessages
.svelte,variable,_tools
.svelte,variable,copyToClipboard
.svelte,variable,toggleSpeechAutoSend
.svelte,variable,className
.svelte,variable,getUsersHandler
.svelte,function,fillMissingProperties
.svelte,svelte_prop,selectedFilterIds
.svelte,variable,transcription
.svelte,variable,currentNode
.svelte,svelte_prop,loading
.svelte,variable,audioElement
.svelte,variable,thread
.svelte,function,scrollToBottom
.svelte,variable,selectedVideoInputDeviceId
.svelte,variable,iframeElement
.svelte,variable,toggleShowUpdateToast
.svelte,variable,modelInputFile
.svelte,variable,visibleTabs
.svelte,variable,selectDown
.svelte,variable,selectedCode
.svelte,variable,originalImageUrl
.svelte,variable,left
.svelte,svelte_prop,content
.svelte,svelte_prop,colorClassName
.svelte,variable,selectTemplate
.svelte,function,openPane
.svelte,variable,tagId
.svelte,variable,modelUploadMode
.svelte,svelte_prop,pane
.svelte,variable,timeDomainData
.svelte,variable,BREAKPOINT
.svelte,svelte_prop,clone
.svelte,svelte_prop,readOnly
.svelte,variable,parentDragged
.svelte,variable,jsContent
.svelte,function,positionChangeHandler
.svelte,variable,context
.svelte,variable,selectedCitation
.svelte,variable,updateChat
.svelte,variable,showAddUserModal
.svelte,variable,eventConfirmationTitle
.svelte,variable,role
.svelte,variable,groupEmojis
.svelte,svelte_prop,filters
.svelte,variable,renderedContent
.svelte,variable,eventConfirmationInputValue
.svelte,function,saveRecording
.svelte,function,hasHiddenFolder
.svelte,variable,audioParts
.svelte,variable,onSourceClick
.svelte,variable,modalElement
.svelte,variable,audioStream
.svelte,variable,TTSEngineConfig
.svelte,variable,autoTags
.svelte,variable,sourceIds
.svelte,variable,date
.svelte,variable,fileWithPath
.svelte,variable,showModelDeleteConfirm
.svelte,function,onDragOver
.svelte,variable,fetchOptions
.svelte,variable,rect
.svelte,function,tryParse
.svelte,svelte_prop,addTag
.svelte,variable,obj
.svelte,variable,blobUrl
.svelte,variable,showShortcuts
.svelte,variable,sortKey
